LAnkle,LAnkle,RAnkle,RAnkle,LElbow,LElbow,RElbow,RElbow,LBigToe,LBigToe,RBigToe,RBigToe,Hand-Left,Hand-Left,Hand-Right,Hand-Right,Nose,Nose,LHip,LHip,RHip,RHip,MidHip,MidHip,LKnee,LKnee,RKnee,RKnee,Neck,Neck,LShoulder,LShoulder,RShoulder,RShoulder,Spine,Spine,LWrist,LWrist,RWrist,RWrist,REye,LEye,LEar,REar,LSmallToe,RSmallToe,RHeel,LHeel
X,Y,X,Y,X,Y,X,Y,X,Y,X,Y,X,Y,X,Y,X,Y,X,Y,X,Y,X,Y,X,Y,X,Y,X,Y,X,Y,X,Y,X,Y,X,Y,X,Y,,,,,,,,
-0.03171688,-0.512089,-0.2021643,-0.6358558000000001,-0.3518623,0.2970747,-0.09881343,0.3514846,-0.02039042,-0.6105155,-0.28117329999999996,-0.6886017,-0.5164946,0.08464215,-0.137899,-0.008649417,-0.3299052,0.9697544,-0.306121,0.26527690000000004,-0.22503800000000002,0.26076020000000005,-0.2606942,0.3095368,-0.35371820000000004,-0.196623,-0.17825539999999998,-0.232227,-0.226674,0.7929424,-0.30763229999999997,0.6177951,-0.1582578,0.6233575,-0.2180308,0.3875341,-0.4592733,0.1473233,-0.13339089999999998,0.08082935,0,0,0,0,0,0,0,0
-0.09510905,-0.5706681,-0.1575185,-0.6303338,-0.3607208,0.29674609999999996,-0.1179623,0.356011,-0.09276408,-0.6661746999999999,-0.2396555,-0.676605,-0.5195678,0.08213963,-0.1871187,0.002889529,-0.3345532,0.9706594000000001,-0.3087316,0.2565496,-0.2294975,0.2545931,-0.2655969,0.3015639,-0.3542853,-0.20012950000000002,-0.16395020000000002,-0.2529837,-0.2355326,0.792614,-0.3164908,0.6174664000000001,-0.16562910000000003,0.6212996000000001,-0.22347240000000002,0.3816241,-0.463937,0.14233189999999998,-0.1827805,0.08788293,0,0,0,0,0,0,0,0
-0.06058231,-0.5345930999999999,-0.15584879999999998,-0.6281398,-0.369936,0.2983665,-0.1446276,0.35536999999999996,-0.06329368,-0.6048998000000001,-0.2270015,-0.686674,-0.5189108,0.07089989999999999,-0.2422748,-0.005303655,-0.3429958,0.9716421000000001,-0.3093938,0.23869339999999997,-0.2286375,0.2414654,-0.2667808,0.28502,-0.3562363,-0.21283649999999998,-0.15999760000000002,-0.25675909999999996,-0.2447479,0.7942343000000001,-0.325706,0.6190866999999999,-0.175836,0.6218143,-0.22636289999999998,0.3703497,-0.46602520000000003,0.1359277,-0.2154303,0.08086906,0,0,0,0,0,0,0,0
-0.24303520000000003,-0.608797,-0.1600058,-0.6327913000000001,-0.3770217,0.294638,-0.1609215,0.35122990000000004,-0.2521809,-0.6767629,-0.2027733,-0.6928949999999999,-0.5196425,0.0329362,-0.29321820000000004,-0.01093276,-0.34879629999999995,0.969583,-0.30826240000000005,0.2336215,-0.2265831,0.23850439999999998,-0.26565409999999995,0.2799778,-0.4074212,-0.2108216,-0.1512167,-0.2604224,-0.2518335,0.7905059,-0.33279169999999997,0.6153583,-0.18236129999999998,0.6212689,-0.2265616,0.36553040000000003,-0.4706786,0.0979255,-0.2590715,0.07962699,0,0,0,0,0,0,0,0
-0.2988565,-0.6417285,-0.1498,-0.6338114,-0.38254279999999996,0.2930751,-0.17903070000000001,0.3472211,-0.3825788,-0.6895296999999999,-0.179116,-0.692757,-0.5206099000000001,0.03313935,-0.33274159999999997,0.002808352,-0.36508559999999995,0.9626036,-0.30707670000000004,0.2134453,-0.22500079999999997,0.23486710000000002,-0.26454659999999997,0.2644258,-0.4134130999999999,-0.2191399,-0.1423352,-0.2691309,-0.25735460000000004,0.7889431,-0.3383127,0.6137954000000001,-0.1867541,0.6208498,-0.22739310000000001,0.3531034,-0.47164940000000005,0.09812430000000001,-0.2987114,0.08441313,0,0,0,0,0,0,0,0
-0.36555170000000003,-0.6238406999999999,-0.07444676,-0.6270649,-0.3862365,0.2935538,-0.18884700000000001,0.3529413,-0.4521541,-0.6752254,-0.1484289,-0.6949083,-0.5228034,0.03429743,-0.3736212,0.01769572,-0.371087,0.9621743,-0.3073406,0.21151889999999998,-0.22441149999999999,0.233828,-0.26469840000000006,0.262261,-0.42578900000000003,-0.2217308,-0.1348374,-0.27169920000000003,-0.26104829999999996,0.7894218000000001,-0.34200640000000004,0.6142741,-0.18907020000000002,0.6204808,-0.22804059999999998,0.35134,-0.47384620000000005,0.09927787,-0.33033490000000004,0.09087157,0,0,0,0,0,0,0,0
-0.450433,-0.6254632,-0.06487927,-0.6301488000000001,-0.38938829999999997,0.2936442,-0.2004223,0.3558645,-0.5334837,-0.6799552,-0.1006947,-0.6961384,-0.525306,0.03488126,-0.4108028,0.03735155,-0.37428,0.9632581,-0.30733520000000003,0.2121384,-0.2228558,0.23379090000000002,-0.2641949,0.2618112,-0.43471990000000005,-0.2312882,-0.12420679999999999,-0.27084359999999996,-0.2642001,0.7895121999999999,-0.3451582,0.6143645000000001,-0.1923316,0.6201888000000001,-0.2279304,0.35109109999999993,-0.4763532999999999,0.09985574,-0.353745,0.1009084,0,0,0,0,0,0,0,0
-0.5152152,-0.6373167,-0.01475751,-0.6293065999999999,-0.3929276,0.2916303,-0.2139761,0.3536493,-0.6091687,-0.6728122,-0.06699563,-0.7004549,-0.5284189,0.03334803,-0.4413333,0.04511625,-0.379845,0.9599469999999999,-0.3072333,0.2134201,-0.21438539999999998,0.2364744,-0.2616549,0.2638808,-0.4386942,-0.2434224,-0.11761989999999999,-0.2693165,-0.2677394,0.7874982,-0.3486975,0.6123506,-0.1935442,0.6191005999999999,-0.22700389999999998,0.3524983,-0.47947280000000003,0.09831384,-0.38836350000000003,0.1119414,0,0,0,0,0,0,0,0
-0.5864249,-0.6416885999999999,0.01256652,-0.6179395000000001,-0.3956458,0.2882018,-0.2205416,0.3538044,-0.6601557,-0.6567856,-0.03868334,-0.6959494,-0.5107903,0.03078447,-0.4570652,0.05757549,-0.3809566,0.9590231,-0.30793709999999996,0.213746,-0.21357510000000002,0.23720239999999998,-0.2620049,0.2652766,-0.44068149999999995,-0.2500371,-0.10984849999999999,-0.2642625,-0.27045759999999996,0.7840696999999999,-0.3514158,0.6089222,-0.19604739999999998,0.6159342,-0.22755479999999997,0.3532808,-0.48200420000000005,0.09513882,-0.3961197,0.11996019999999999,0,0,0,0,0,0,0,0
-0.5396814999999999,-0.5947479999999999,0.05707469,-0.6168571999999999,-0.399367,0.2865483,-0.2302297,0.3497478,-0.625384,-0.6393371,0.009581892,-0.6906817,-0.5143865,0.02927709,-0.47422359999999997,0.06448949,-0.392431,0.9537848,-0.30007870000000003,0.20446989999999998,-0.2210366,0.22935170000000002,-0.2626563,0.2582681,-0.43661769999999994,-0.2485605,-0.1050444,-0.25629029999999997,-0.2741788,0.7824161999999999,-0.35513690000000003,0.6072687,-0.19962560000000001,0.6129034000000001,-0.22864479999999998,0.34754250000000003,-0.4856316,0.0935949,-0.4113239000000001,0.1304076,0,0,0,0,0,0,0,0
-0.5370069000000001,-0.5964716999999999,0.0771292,-0.6177526,-0.4050761,0.28352009999999994,-0.236056,0.3492978,-0.6169223,-0.6426036,0.01757086,-0.6910123,-0.5200009,0.02636675,-0.49045249999999996,0.06725977,-0.4021982,0.9491726,-0.30013340000000005,0.20319779999999998,-0.2257027,0.224843,-0.2648107,0.2548704,-0.42882840000000005,-0.2497782,-0.1027117,-0.2510259,-0.2798879,0.779388,-0.360846,0.6042404,-0.203181,0.6106235999999999,-0.23155140000000002,0.34412709999999996,-0.49126970000000003,0.09065509,-0.42513959999999995,0.13256099999999998,0,0,0,0,0,0,0,0
-0.5247006,-0.5981935,0.1086697,-0.6130324,-0.4103802,0.28065890000000004,-0.23962110000000003,0.349988,-0.5953203,-0.6579913000000001,0.05029588,-0.6935505999999999,-0.5252606,0.02356717,-0.4982495,0.06916431,-0.4060634,0.9473886,-0.30203040000000003,0.2009977,-0.23001129999999997,0.2224324,-0.26796909999999996,0.2516825,-0.4238988,-0.2554305,-0.09984466,-0.2546506,-0.285192,0.7765268,-0.3661501,0.6013791999999999,-0.20895479999999997,0.6097233,-0.23490529999999998,0.34067270000000005,-0.4965405,0.0878401,-0.4362597,0.13231529999999997,0,0,0,0,0,0,0,0
-0.487662,-0.6099848000000001,0.12236660000000002,-0.606032,-0.42932299999999995,0.1969408,-0.241533,0.3507441,-0.5549056,-0.673555,0.09715006,-0.6771209,-0.5441782,-0.06006968,-0.4969201,0.07016826,-0.3908026,0.9168440000000001,-0.31693879999999996,0.1895731,-0.2657282,0.19741240000000002,-0.2886989,0.2390447,-0.41817970000000004,-0.2566363,-0.10378079999999999,-0.2581872,-0.3041348,0.6928086999999999,-0.38509299999999996,0.5176612,-0.21518560000000003,0.6096901,-0.25812929999999995,0.3176098,-0.5154644,0.00418295,-0.43641140000000006,0.1327897,0,0,0,0,0,0,0,0
-0.4523649,-0.616433,0.13712939999999998,-0.5973663,-0.4327535,0.28658059999999996,-0.2418257,0.354088,-0.5289935,-0.6758079,0.1064021,-0.6772305999999999,-0.5476087,0.029570099999999995,-0.48661049999999995,0.0692548,-0.4059092,0.9697179,-0.32150270000000003,0.1945168,-0.26341,0.207697,-0.29080159999999994,0.2417899,-0.4124109,-0.25755,-0.1173482,-0.268568,-0.3075653,0.7824485,-0.3885235,0.6073009,-0.22003910000000002,0.6128229000000001,-0.259898,0.3276768,-0.5188949,0.09382273,-0.43273009999999995,0.1349155,0,0,0,0,0,0,0,0
-0.42165340000000007,-0.6280664,0.13331400000000002,-0.5618006999999999,-0.432175,0.2397775,-0.2400353,0.35983909999999997,-0.4845945,-0.6907768,0.12482599999999999,-0.6554078000000001,-0.5470301,-0.01723299,-0.47372040000000004,0.06562906,-0.40562859999999995,0.9591748999999999,-0.32302600000000004,0.19458979999999998,-0.2598998,0.21422739999999998,-0.2914178,0.2446672,-0.39863940000000003,-0.27710409999999996,-0.1357968,-0.281437,-0.3069867,0.7356454000000001,-0.3879449,0.5604978,-0.224021,0.6189529,-0.2595156,0.3287684,-0.5183163,0.04701964,-0.41972029999999994,0.13125079999999997,0,0,0,0,0,0,0,0
-0.37174179999999996,-0.6231951,0.12102539999999999,-0.5561123,-0.4322843,0.23895500000000003,-0.2350542,0.3661942,-0.4430335999999999,-0.6946555999999999,0.1160355,-0.6566266,-0.5471394,-0.01805553,-0.4321138,0.0580285,-0.4102513,0.9465574000000001,-0.3171124,0.1936278,-0.2429695,0.22410570000000002,-0.28270059999999997,0.2512227,-0.39732779999999995,-0.26977729999999994,-0.1580435,-0.3182258,-0.3070961,0.7348229000000001,-0.3880542,0.5596753000000001,-0.2264458,0.6231158,-0.2519985,0.33064629999999995,-0.5184255999999999,0.0461971,-0.3876345,0.1304397,0,0,0,0,0,0,0,0
-0.3334643,-0.6290557,0.07228366,-0.5587119,-0.4300564,0.1678047,-0.2270988,0.3702796,-0.41695820000000006,-0.6828448,0.05907017,-0.6417245,-0.5449116,-0.0892058,-0.3966795,0.04802043,-0.4098295,0.9135373,-0.3220143,0.1915693,-0.2511951,0.2219765,-0.28808340000000004,0.2534201,-0.36211479999999996,-0.2771258,-0.2378024,-0.31353159999999997,-0.30486820000000003,0.6636726,-0.3858264,0.488525,-0.2271127,0.627728,-0.2561051,0.3278366,-0.5161978,-0.02495317,-0.3597671,0.1243545,0,0,0,0,0,0,0,0
-0.2886627,-0.6263883000000001,0.06923541,-0.6115134,-0.4254493,0.3131467,-0.2071116,0.38204829999999995,-0.33951809999999993,-0.6885868,-0.01799846,-0.6598381,-0.4626523,0.03977118,-0.37121459999999995,0.03862444,-0.41337929999999995,0.9873118000000001,-0.329248,0.21159539999999996,-0.25164369999999997,0.2368762,-0.2904972,0.2638871,-0.3611728,-0.2762722,-0.1454868,-0.3575026,-0.3002611,0.8090146,-0.3812193,0.633867,-0.22696950000000002,0.62929,-0.2565621,0.35209409999999997,-0.5115907000000001,0.12038879999999999,-0.340818,0.1177664,0,0,0,0,0,0,0,0
-0.22113670000000002,-0.6445556,0.0009492934,-0.6312384,-0.425044,0.3132202,-0.1964408,0.3806441,-0.31178059999999996,-0.6887536999999999,-0.09428418,-0.6597562,-0.46224940000000003,0.03984869,-0.3344567,0.02818549,-0.41754579999999997,0.9843694,-0.3375464,0.2578716,-0.26122399999999996,0.2617447,-0.2999986,0.321975,-0.21502529999999997,-0.22668850000000001,-0.15364779999999997,-0.330336,-0.2998558,0.8090881999999999,-0.380814,0.6339405,-0.2246589,0.6320637,-0.2627585,0.4022481,-0.5111854,0.12046230000000001,-0.29417340000000003,0.102843,0,0,0,0,0,0,0,0
-0.2190701,-0.6600698,-0.111671,-0.6552578,-0.4205377,0.3139338,-0.1800737,0.3715719,-0.3136368,-0.6933362,-0.18391500000000002,-0.656796,-0.4577441,0.04056396,-0.27601090000000006,0.0041952579999999995,-0.4138674,0.9837055,-0.3376009,0.2465514,-0.2603484,0.2629484,-0.29867849999999996,0.3033391,-0.2129587,-0.2422027,-0.1516949,-0.3199006,-0.2953495,0.8098018,-0.37630759999999996,0.6346541,-0.21590259999999997,0.6364,-0.26114560000000003,0.38923909999999995,-0.5066791,0.1211759,-0.2830502,0.08799370000000001,0,0,0,0,0,0,0,0
-0.11685319999999999,-0.6650062,-0.2219449,-0.6186523,-0.3996878,0.25454570000000004,-0.162402,0.3739491,-0.2138081,-0.6891156,-0.2961591,-0.6846899999999999,-0.5326214,0.007058948000000001,-0.2531333,0.01299004,-0.38345300000000004,0.9315391,-0.316846,0.21129699999999998,-0.24518360000000003,0.2513692,-0.2794479,0.2742215,-0.2052423,-0.2524074,-0.38552379999999997,-0.2201826,-0.27449959999999995,0.7504137,-0.3554578,0.5752661,-0.20750079999999999,0.6398331,-0.2412415,0.3507112,-0.499388,0.06893065,-0.2569206,0.09204005,0,0,0,0,0,0,0,0
-0.1092934,-0.6660318000000001,-0.3263787,-0.6460011999999999,-0.3963145,0.2556006,-0.14251870000000003,0.3756755,-0.1948598,-0.670875,-0.3993357,-0.6996754,-0.5260706999999999,0.06511541,-0.2009206,0.02005015,-0.37851090000000004,0.9330179,-0.31519840000000005,0.2109116,-0.23777440000000002,0.2501507,-0.2765732,0.2752814,-0.1694109,-0.24893320000000002,-0.3896217,-0.2224556,-0.2711263,0.7514685000000001,-0.3520844,0.5763209,-0.1931557,0.6394205,-0.2389464,0.3515876,-0.4705356,0.14031110000000002,-0.1811539,0.1330666,0,0,0,0,0,0,0,0
-0.0263559,-0.6503435000000001,-0.38495029999999997,-0.647991,-0.3722759,0.309703,-0.1166528,0.3589138,-0.11537570000000001,-0.6945699000000001,-0.4645396,-0.6941121,-0.5338937,0.07295897,-0.15703770000000003,0.0017380339999999998,-0.3808107,0.9663188,-0.3141598,0.20778470000000002,-0.23598249999999998,0.2419053,-0.27406490000000006,0.26715859999999997,-0.1438461,-0.2440788,-0.3971344,-0.2252719,-0.24708779999999997,0.8055709,-0.3280459,0.6304233,-0.17834229999999998,0.6385446,-0.23614749999999998,0.348601,-0.4701698,0.1501739,-0.1496132,0.08976289999999999,0,0,0,0,0,0,0,0
0.02726728,-0.6344082,-0.4675303,-0.6400627,-0.3652329,0.30963179999999996,-0.10269660000000001,0.3544,-0.05597412,-0.6901873000000001,-0.544733,-0.6818528,-0.5518914,0.101174,-0.1322236,-0.006731916,-0.36695120000000003,0.9715188,-0.3081973,0.2053765,-0.2285237,0.24454800000000002,-0.26727340000000005,0.26808509999999997,-0.1194018,-0.23993939999999997,-0.39718400000000004,-0.2236556,-0.2400447,0.8054996999999999,-0.32100290000000004,0.6303521,-0.1657431,0.6349720999999999,-0.2261951,0.35136540000000005,-0.4826268,0.15805070000000002,-0.1326119,0.08777675,0,0,0,0,0,0,0,0
0.08559851,-0.6467894000000001,-0.5044294,-0.6450102,-0.3723803,0.3673363,-0.08655031,0.34540290000000007,-0.002148941,-0.6957628,-0.5923573000000001,-0.6536368,-0.5593281,0.11432590000000001,-0.1100013,-0.01218163,-0.351679,0.9711506999999999,-0.30486940000000007,0.2042125,-0.22584200000000001,0.24544520000000003,-0.2635996,0.2685626,-0.11445999999999999,-0.23980660000000004,-0.3945903,-0.21978160000000002,-0.2295794,0.8020390000000001,-0.3105375,0.6268914000000001,-0.1538317,0.6310214,-0.221701,0.3517393,-0.4951811,0.1577348,-0.1025778,0.08319218,0,0,0,0,0,0,0,0
0.1135934,-0.6008941999999999,-0.5429128000000001,-0.6319332,-0.3635649,0.36404949999999997,-0.07421555,0.34116440000000003,0.0478361,-0.6693425000000001,-0.6321932,-0.6349584,-0.5599906,0.13086230000000001,-0.0827563,-0.02213614,-0.33431500000000003,0.9634265,-0.2710062,0.1863795,-0.1976231,0.2400734,-0.23189749999999998,0.2548814,-0.07580537,-0.1866078,-0.35216379999999997,-0.2161196,-0.2113452,0.7939421,-0.2923034,0.6187946,-0.1455089,0.6255214,-0.19126379999999998,0.34082840000000003,-0.500991,0.1662914,-0.08255566,0.07811268,0,0,0,0,0,0,0,0
0.1264981,-0.5988806,-0.48927829999999994,-0.6537845999999999,-0.35111570000000003,0.36077919999999997,-0.06446099,0.3370267,0.10177119999999999,-0.6891689000000001,-0.5804763000000001,-0.6507366,-0.5566679,0.1398963,-0.07547332,-0.02232157,-0.3211027,0.9617471,-0.25099410000000005,0.2039756,-0.1804934,0.2391511,-0.2161939,0.2592041,-0.1925614,-0.2921605,-0.357167,-0.272542,-0.199231,0.7910433000000001,-0.28018909999999997,0.6158956999999999,-0.1348519,0.6195757,-0.17610610000000002,0.34393320000000005,-0.49862,0.1727922,-0.06792781,0.09057863,0,0,0,0,0,0,0,0
0.14625139999999998,-0.5578635999999999,-0.44865070000000007,-0.6564926,-0.3355227,0.3562444,-0.05740475,0.336054,0.15928299999999998,-0.6525407,-0.5352728,-0.6914369,-0.5521687,0.1394405,-0.06628764,-0.02792454,-0.30665349999999997,0.9568281,-0.25136790000000003,0.2053806,-0.1807628,0.2387884,-0.2161076,0.2593654,-0.20989339999999998,-0.2856877,-0.3448728,-0.2810094,-0.183563,0.7865671999999999,-0.26452109999999995,0.6114196,-0.12620019999999998,0.6167818,-0.1749956,0.3432139,-0.49190969999999995,0.1777725,-0.06311125,0.08240917,0,0,0,0,0,0,0,0
0.18565620000000002,-0.5658103,-0.385849,-0.6371663000000001,-0.3263808,0.355219,-0.0534427,0.33524699999999996,0.17774160000000003,-0.6588518,-0.4741984,-0.6812766,-0.5406039,0.121688,-0.06347919,-0.03058983,-0.2955483,0.9575413,-0.2504546,0.2060013,-0.1784623,0.23802420000000002,-0.2132599,0.26001810000000003,-0.15394570000000002,-0.2841397,-0.3259558,-0.1918396,-0.1744166,0.7855335,-0.2553747,0.6103859,-0.11894569999999999,0.6149781999999999,-0.1701695,0.34318940000000003,-0.4735344,0.173781,-0.06144366,0.08097889,0,0,0,0,0,0,0,0
0.15922979999999998,-0.5176381,-0.3377369,-0.6277647,-0.3147324,0.35708320000000005,-0.05164049,0.33542009999999994,0.09012064,-0.554009,-0.42049570000000003,-0.6862408,-0.5020915,0.1102489,-0.06285744,-0.03254536,-0.2829211,0.9602361999999999,-0.2442118,0.20767399999999997,-0.1747268,0.23923229999999998,-0.2069603,0.2615147,-0.2131127,-0.3012351,-0.31972249999999997,-0.1815477,-0.1627635,0.787369,-0.24372159999999998,0.6122214,-0.109876,0.6149756,-0.16235120000000003,0.3443907,-0.4370053,0.1647642,-0.060545400000000006,0.08150617,0,0,0,0,0,0,0,0
0.1846652,-0.5247303000000001,-0.28331490000000004,-0.6317676999999999,-0.3029304,0.3594874,-0.05100787,0.3381073,0.11550839999999998,-0.5611841,-0.3549864,-0.6884061,-0.45062479999999994,0.08589689,-0.08301725,-0.01580945,-0.2693419,0.9635116,-0.2307525,0.21127379999999998,-0.1702882,0.24357649999999997,-0.19710729999999999,0.26838629999999997,-0.1849551,-0.303923,-0.2759,-0.19054870000000002,-0.1509687,0.7897364,-0.23192680000000002,0.6145887,-0.09855726,0.6175318000000001,-0.1521844,0.35038769999999997,-0.4004551,0.1535105,-0.06908685,0.09342411,0,0,0,0,0,0,0,0
0.23335189999999997,-0.5548495,-0.2405794,-0.622977,-0.2907847,0.36355640000000006,-0.05102159,0.3437644,0.2555855,-0.6305288,-0.3040372,-0.6948388000000001,-0.3974107,0.07121684,-0.09880497,-0.007987435,-0.2595035,0.9660752,-0.21880650000000001,0.2158254,-0.16029960000000001,0.2502571,-0.18676529999999997,0.2723492,-0.1417092,-0.3499731,-0.2714992,-0.1826431,-0.1388338,0.7937647,-0.21979189999999998,0.6186170999999999,-0.08969067,0.6213880999999999,-0.1409586,0.3545165,-0.35783190000000004,0.1455621,-0.1216346,0.09692909,0,0,0,0,0,0,0,0
0.1999771,-0.5350323,-0.17620329999999998,-0.6533504,-0.2794384,0.3670013,-0.05147133,0.3492143,0.20683179999999998,-0.6339728,-0.24594960000000002,-0.7109225,-0.3481614,0.05644564,-0.13388540000000002,0.0016620229999999999,-0.24705059999999998,0.9702533000000001,-0.1723129,0.23132370000000002,-0.1161103,0.2421009,-0.1448125,0.2791551,-0.09414241,-0.3668355,-0.1204221,-0.2561819,-0.12749960000000002,0.7971706000000001,-0.2084578,0.622023,-0.0820503,0.624104,-0.10465,0.362796,-0.31900890000000004,0.134826,-0.1284923,0.08499098,0,0,0,0,0,0,0,0
0.12167049999999999,-0.4946851,-0.1031775,-0.661676,-0.2615368,0.3729734,-0.05217522,0.351873,0.1474817,-0.5920709,-0.1801669,-0.6960943,-0.30392220000000003,0.03740864,-0.167968,0.0016466679999999998,-0.23072939999999997,0.9749834999999999,-0.18272650000000001,0.22087880000000001,-0.10927619999999999,0.2361127,-0.14392779999999997,0.2606179,-0.24420860000000003,-0.2183752,-0.09163833,-0.2670484,-0.1095787,0.8032130999999999,-0.1905368,0.6280654999999999,-0.06506793,0.6274132,-0.09881222,0.3521253,-0.2812374,0.1190862,-0.13795220000000002,0.0806867,0,0,0,0,0,0,0,0
0.04859556,-0.5612372,-0.05376297,-0.6554424,-0.2471821,0.3768227,-0.05388406,0.35224520000000004,0.06123683,-0.6457459,-0.1456743,-0.6969639,-0.3001152,0.03891595,-0.2062493,0.01622009,-0.21859650000000003,0.9774679000000001,-0.1487241,0.21740029999999996,-0.08455372,0.23875010000000002,-0.1156027,0.2592975,-0.22859029999999997,-0.20197820000000002,-0.03517556,-0.2840198,-0.09523392,0.8070282,-0.17619200000000002,0.6318805999999999,-0.0486973,0.6294099,-0.07595914,0.3504837,-0.2754092,0.11994300000000001,-0.1615667,0.10348779999999999,0,0,0,0,0,0,0,0
0.10043869999999999,-0.5107799,0.01071556,-0.6389694,-0.23340439999999998,0.3777047,-0.05333812,0.3569226,0.02326001,-0.5735944000000001,-0.07136870000000001,-0.6943004,-0.28848229999999997,0.03951887,-0.2299259,0.02971255,-0.2053074,0.9782885,-0.1273496,0.22474989999999997,-0.05421377,0.24473820000000002,-0.09041804,0.26901990000000003,-0.22064740000000002,-0.1860768,-0.01066342,-0.27808340000000004,-0.08143604,0.8079831999999999,-0.1623942,0.6328355999999999,-0.03016131,0.6312901,-0.05042091,0.3589087,-0.2625087,0.12008060000000001,-0.1802846,0.10689939999999999,0,0,0,0,0,0,0,0
-0.05556221,-0.6102744000000001,0.06081267,-0.6480259,-0.2033797,0.3074402,-0.05418539,0.360114,-0.1149309,-0.6862626000000001,-0.02481696,-0.698002,-0.2585618,-0.03141838,-0.27226859999999997,0.03492098,-0.15912839999999998,0.9210424,-0.0752959,0.2036721,-0.01433087,0.233129,-0.045234699999999996,0.2515076,-0.1757203,-0.24759699999999998,0.02653271,-0.2887151,-0.05142154,0.7376821,-0.1323797,0.5625345,-0.01382208,0.6307261,-0.006954603,0.3314925,-0.2324411,0.04905245,-0.2277597,0.10447519999999999,0,0,0,0,0,0,0,0
-0.1049378,-0.6262446999999999,0.11281369999999999,-0.6576929,-0.1984639,0.3032759,-0.05525967,0.36152629999999997,-0.130205,-0.6977915,0.04293883,-0.70416,-0.2536483,-0.03559561,-0.27681300000000003,0.06626147,-0.1536705,0.9169002,-0.06036839,0.1938437,-0.004316101,0.22481500000000001,-0.03573748,0.2466321,-0.17953239999999998,-0.24603350000000002,0.04580981,-0.28473740000000003,-0.04651795,0.733474,-0.1274761,0.5583264,-0.003743738,0.6312298000000001,0.0013249779999999999,0.3270912,-0.2275375,0.04484434,-0.22671129999999998,0.13428410000000002,0,0,0,0,0,0,0,0
-0.17225120000000002,-0.6431713000000001,0.1699601,-0.6655539,-0.18975699999999998,0.29587579999999997,-0.05562887,0.3616033,-0.10669400000000001,-0.7200859000000001,0.07412414,-0.6987941999999999,-0.24494639999999998,-0.04301871,-0.307247,0.09142582,-0.1427519,0.910026,-0.06454331,0.21069229999999997,-0.01326518,0.23104610000000003,-0.03840645,0.25739,-0.1928459,-0.24018739999999997,0.08856495,-0.2827651,-0.03782567,0.7260214,-0.1187838,0.5508738000000001,0.0127348,0.6298653000000001,0.0013541360000000001,0.33506240000000004,-0.21884520000000002,0.03739174,-0.23599589999999998,0.142515,0,0,0,0,0,0,0,0
-0.22778360000000003,-0.6051486,0.2361718,-0.6351214,-0.1649875,0.3777636,-0.05542784,0.36183909999999997,-0.3093788,-0.6586456999999999,0.1545518,-0.6954201999999999,-0.2201785,0.03885897,-0.3121653,0.10493569999999999,-0.1369951,0.9774464,-0.05205909,0.2215953,-0.001072525,0.23404009999999997,-0.03049225,0.2627738,-0.19170910000000002,-0.2394482,0.1239654,-0.2722191,-0.0130662,0.8078731,-0.09402433,0.6327255,0.0245838,0.6296461999999999,0.01397146,0.3485357,-0.19408570000000003,0.1192434,-0.23588649999999997,0.1623091,0,0,0,0,0,0,0,0
-0.3042732,-0.6257258000000001,0.2939217,-0.6235731,-0.16032079999999999,0.3764743,-0.05437223,0.36025640000000003,-0.3999459,-0.6505628999999999,0.2141268,-0.6858012,-0.2155153,0.03755398,-0.31473609999999996,0.1240076,-0.132681,0.9760549000000001,-0.04700744,0.22192420000000002,0.01177042,0.23523720000000004,-0.01899549,0.26694120000000005,-0.18351660000000003,-0.2400174,0.1545507,-0.2669393,-0.008409264,0.8065488000000001,-0.08936739,0.6314012,0.03822578,0.6265988,0.02251559,0.3535384,-0.18942879999999998,0.1179191,-0.2271282,0.1868057,0,0,0,0,0,0,0,0
-0.31897220000000004,-0.6289964,0.324022,-0.6311182,-0.1500376,0.3736776,-0.04988813,0.3568357,-0.41672609999999993,-0.6487729999999999,0.2715161,-0.6927137,-0.20523629999999998,0.03473954,-0.3207954,0.1266759,-0.12280510000000001,0.9730232,-0.03582259,0.21685990000000002,0.02288737,0.2315826,-0.006515526999999999,0.2621862,-0.1455515,-0.2415138,0.18393629999999997,-0.2671386,0.001864358,0.8037177,-0.07909377,0.6285701,0.04562744,0.624827,0.033736300000000004,0.35041890000000003,-0.17915520000000001,0.11508800000000001,-0.227744,0.18811529999999999,0,0,0,0,0,0,0,0
-0.31927300000000003,-0.6340488000000001,0.3867415,-0.6284276999999999,-0.1392464,0.37148790000000004,-0.04495089,0.3473001,-0.41605879999999995,-0.6463299,0.30990029999999996,-0.694793,-0.1944477,0.032537,-0.3145388,0.13205550000000002,-0.1121001,0.9703245999999999,-0.0263125,0.21371710000000002,0.03191798,0.22855789999999998,0.003454537,0.2568254,-0.1233085,-0.23881929999999998,0.1894484,-0.2665616,0.01264632,0.8014948000000001,-0.0683118,0.6263472,0.05592276,0.6227283,0.04399541,0.34566020000000003,-0.16837320000000003,0.1128652,-0.22979520000000003,0.1859856,0,0,0,0,0,0,0,0
-0.227512,-0.6306301999999999,0.41096640000000006,-0.629189,-0.1337624,0.3699071,-0.03805279,0.34304120000000005,-0.3275108,-0.6451475,0.33898429999999996,-0.6950079,-0.1889655,0.03094582,-0.3002508,0.1330252,-0.1058607,0.9693179,-0.0205051,0.21527620000000003,0.03621347,0.2282721,0.007825145,0.256579,-0.11284000000000001,-0.2444993,0.1910045,-0.267148,0.01812033,0.799878,-0.06283779,0.6247304,0.06282145,0.621313,0.04876971,0.3449759,-0.16289920000000002,0.1112483,-0.22505300000000003,0.18377079999999998,0,0,0,0,0,0,0,0
-0.18762820000000002,-0.6041175999999999,0.4354133,-0.6207569000000001,-0.1278749,0.3683781,-0.02368153,0.3424914,-0.2642678,-0.6643978,0.3852751,-0.7072508000000001,-0.1830798,0.02940569,-0.28605240000000004,0.12627750000000001,-0.1004246,0.9677562,-0.01898455,0.21278930000000001,0.03840202,0.22550509999999999,0.01019158,0.2524143,-0.10286769999999999,-0.25889670000000004,0.1912983,-0.26759299999999997,0.02399782,0.798313,-0.05696026,0.6231654000000001,0.07060407,0.6205641,0.05161227,0.3408222,-0.15702170000000001,0.10968339999999999,-0.2029226,0.17493720000000001,0,0,0,0,0,0,0,0
-0.1675675,-0.6242954000000001,0.449549,-0.5996165,-0.1186588,0.2966583,-0.004706051,0.3449644,-0.22357039999999997,-0.6739901,0.42211859999999995,-0.6810665,-0.1738651,-0.04232453,-0.2590252,0.11003299999999999,-0.07086995,0.9103726000000001,-0.01561825,0.2014967,0.04028717,0.21886509999999998,0.01288716,0.2447224,-0.09458703,-0.2614603,0.18696600000000002,-0.268741,0.03320158,0.7265489,-0.04775655,0.5514013000000001,0.07458316,0.6220602,0.05664748,0.32417729999999995,-0.147818,0.03791925,-0.19471660000000002,0.1598401,0,0,0,0,0,0,0,0
-0.09566483,-0.6136222,0.4495977,-0.5778329000000001,-0.1177122,0.3063651,0.02268984,0.3654072,-0.16038010000000003,-0.6689934000000001,0.4427755,-0.6573572,-0.1729181,-0.03262243,-0.2058881,0.08039596,-0.0709848,0.9192790999999999,-0.013713900000000001,0.2030628,0.04460208,0.22884610000000002,0.01614262,0.24913249999999998,-0.08432266,-0.2622868,0.127539,-0.2549278,0.03413676,0.7362145999999999,-0.04682137,0.5610670999999999,0.07862017,0.6289302,0.05881574,0.3280347,-0.1468828,0.04758502,-0.1539419,0.1446446,0,0,0,0,0,0,0,0
-0.06907423,-0.6438668000000001,0.4214,-0.5496201000000001,-0.1157711,0.30977009999999994,0.03621548,0.371021,-0.12835819999999998,-0.6896783000000001,0.43113670000000004,-0.6485143,-0.1709767,-0.02922247,-0.1601796,0.062356100000000005,-0.0659664,0.9251191999999999,-0.02508178,0.1997095,0.01778989,0.2746146,0.001812413,0.26180549999999997,-0.06976577,-0.2706305,0.07539699,-0.2471986,0.03606619,0.7395776999999999,-0.04489195,0.5644302,0.07816641,0.6414313,0.04948062,0.3364348,-0.14495329999999998,0.05094809,-0.1146116,0.13311660000000003,0,0,0,0,0,0,0,0
-0.001126798,-0.6111267,0.3758959,-0.5378406,-0.1098535,0.3154681,0.05906295,0.3772399,-0.08112283,-0.6718042,0.38535240000000004,-0.6378438,-0.16506210000000002,-0.0235402,-0.11958289999999999,0.04592606,-0.06118805,0.9299757,0.03889455,0.20836679999999996,0.1019806,0.251243,0.06912661,0.2620755,-0.05535783,-0.28034790000000004,0.03536762,-0.22934610000000002,0.04197093,0.7452297,-0.03898721,0.5700821999999999,0.08537675,0.6458579000000001,0.1054778,0.34336300000000003,-0.13904860000000002,0.05660011,-0.06582081,0.1254385,0,0,0,0,0,0,0,0
0.05770842,-0.6048992,0.33956379999999997,-0.5512520000000001,-0.09671445,0.4040364,0.08088252,0.38085949999999996,-0.01613043,-0.674622,0.3295655,-0.651804,-0.15190479999999998,0.06509256,-0.06007078,0.02571496,-0.06646909,1.005169,-0.003960192,0.24156770000000002,0.06609216,0.2513863,0.03232186,0.2771364,-0.05791935,-0.2339258,0.0258192,-0.2250698,0.05512638,0.8338568999999999,-0.02583175,0.6587093,0.09307389999999999,0.6492515999999999,0.07658932,0.3667601,-0.1258931,0.1452273,-0.03066019,0.10467449999999999,0,0,0,0,0,0,0,0
0.11315879999999999,-0.5892016999999999,0.27903779999999995,-0.5389374,-0.09504476,0.3356314,0.09901739,0.37849340000000004,0.04160927,-0.6614733,0.23839179999999996,-0.6322153,-0.1502447,-0.0033486490000000004,0.002896965,0.01271132,-0.04311965,0.9520457,0.0005429068,0.2119158,0.06424037,0.2469656,0.03299394,0.2651117,0.1409995,-0.20681620000000003,0.0010171339999999998,-0.21641190000000002,0.05678291,0.7654046,-0.02417522,0.5902569999999999,0.09490469,0.6523257,0.07746166,0.3468412,-0.1242366,0.07677498,0.001182965,0.09115739,0,0,0,0,0,0,0,0
0.12396010000000002,-0.6014461,0.17238050000000002,-0.5522383000000001,-0.09205422,0.255239,0.1216379,0.3784535,0.05672526,-0.6697996,0.1651111,-0.6537179,-0.14726199999999998,-0.08377369999999999,0.05816393,0.02777503,-0.03407161,0.8961213,0.01131511,0.1827445,0.06911458,0.2441424,0.03856636,0.2603233,0.14352879999999998,-0.2292754,-0.08285419999999999,-0.1754755,0.05975694,0.6849529000000001,-0.02120119,0.5098053,0.10429780000000001,0.6591045999999999,0.08394526,0.33170320000000003,-0.1212626,-0.003676742,0.06399721,0.1196826,0,0,0,0,0,0,0,0
0.1180891,-0.6186779,0.1495602,-0.6036304,-0.07345442,0.3251776,0.1470705,0.38435,0.05717035,-0.6906901,0.07372786,-0.6714973000000001,-0.1286632,-0.01384462,0.10294560000000001,0.01724837,-0.03264652,0.933622,0.03219132,0.2143089,0.08977646,0.2544461,0.05745889,0.2679533,0.15608570000000002,-0.24119320000000002,-0.04688278,-0.19559229999999997,0.07834446,0.7548473000000001,-0.002613671,0.5796996999999999,0.11053589999999999,0.6594259,0.100871,0.3421488,-0.10267509999999999,0.06621763,0.11168710000000001,0.1010202,0,0,0,0,0,0,0,0
0.2457116,-0.6285223000000001,0.141439,-0.5686005000000001,-0.07144877,0.32391149999999996,0.17359370000000002,0.3786946,0.15371179999999998,-0.636455,0.06158771,-0.6268705,-0.1390626,0.01482015,0.1440001,0.001423035,-0.02440897,0.9361734,0.0485623,0.261171,0.10732560000000001,0.2978403,0.0789258,0.3292213,0.1579711,-0.23223520000000003,-0.09187006,-0.1915466,0.08033657,0.7535324999999999,-0.0006215604,0.5783849,0.1327897,0.656222,0.1197482,0.3959065,-0.08895193,0.08261269,0.143533,0.11075530000000001,0,0,0,0,0,0,0,0
0.31852220000000003,-0.6254809,0.03151472,-0.6279085,-0.06148525,0.3313934,0.19514360000000003,0.3768227,0.2366469,-0.6710569000000001,-0.05832593,-0.6710647,-0.1461304,0.09397262,0.19383699999999998,-0.0006580725,-0.01624549,0.9424157,0.04420259,0.22865120000000003,0.10883519999999999,0.25660520000000003,0.07768484,0.2726422,0.21020970000000003,-0.2438942,-0.08256999,-0.21038310000000002,0.09029117,0.7609825,0.009333041,0.585835,0.1396846,0.6549663,0.12095539999999999,0.3565983,-0.08570354,0.09102313,0.1940957,0.08346542,0,0,0,0,0,0,0,0
0.3752505,-0.6524795999999999,-0.06387395,-0.616525,-0.04949957,0.3325094,0.23232289999999997,0.34320409999999996,0.28515799999999997,-0.67577,-0.1295672,-0.6574035,-0.11561969999999999,0.01914864,0.21938579999999996,-0.005729973,-0.00441172,0.9430377000000001,0.04912525,0.2105717,0.11403219999999999,0.2477813,0.08239505,0.26341279999999995,0.301688,-0.23355599999999999,-0.06494729,-0.22293690000000002,0.1022693,0.7620713000000001,0.02131114,0.5869236999999999,0.15058339999999998,0.6512281,0.1267472,0.3443963,-0.09908965,0.09748884,0.21441149999999998,0.07919171,0,0,0,0,0,0,0,0
0.4187595,-0.6121052,-0.1241154,-0.6154469,-0.03038756,0.3350808,0.2453491,0.3445991,0.3424962,-0.6753696,-0.20717729999999998,-0.6426588000000001,-0.1431037,0.03809103,0.2600063,-0.01143985,0.01195132,0.9436778,0.07941648,0.1945838,0.1484105,0.23030370000000003,0.1146116,0.24660170000000003,0.2425177,-0.1870164,-0.0591318,-0.2263844,0.121369,0.7645986,0.04041087,0.5894510000000001,0.16527579999999997,0.6450811,0.1549816,0.33141309999999996,-0.1149247,0.1123385,0.2577722,0.08035743,0,0,0,0,0,0,0,0
0.41066210000000003,-0.5654371,-0.1488211,-0.6269345000000001,-0.004220425999999999,0.38054440000000006,0.2661894,0.3455534,0.4168781,-0.657288,-0.2489806,-0.6348593000000001,-0.17078629999999997,0.11813299999999999,0.2712673,-0.01195353,0.015459299999999999,0.9712495000000001,0.08792868,0.20694479999999998,0.15560829999999998,0.23154929999999999,0.12236760000000002,0.2521641,0.04942977,-0.2897289,-0.04485915,-0.23283299999999998,0.14752620000000002,0.8100263000000001,0.06656805,0.6348788000000001,0.1805269,0.6402687,0.1653496,0.33900840000000004,-0.09985486,0.1632605,0.26525809999999994,0.07675080000000001,0,0,0,0,0,0,0,0
0.438089,-0.5628852,-0.1016103,-0.6348373,0.004872820999999999,0.37954679999999996,0.2847047,0.333983,0.45507770000000003,-0.644097,-0.18913329999999998,-0.6518241,-0.1650709,0.1269774,0.2919211,-0.01804221,0.03385439,0.9773280999999999,0.1064618,0.21928670000000003,0.1808573,0.2356163,0.1435424,0.25903760000000003,0.07320589999999999,-0.29090370000000004,-0.02589695,-0.23919229999999997,0.1566106,0.8089973000000001,0.07565252,0.6338496,0.2002122,0.6310182,0.1855751,0.3469018,-0.09015149,0.1652566,0.2861488,0.06600166,0,0,0,0,0,0,0,0
0.4805284000000001,-0.5419243,-0.04413104,-0.6343441999999999,0.02294603,0.37539229999999996,0.29196659999999997,0.33377140000000005,0.4081249,-0.5793196999999999,-0.14296170000000002,-0.6591461999999999,-0.1116339,0.1639544,0.30149929999999997,-0.019465599999999996,0.05316323,0.9740353999999999,0.11332439999999999,0.21927979999999997,0.1875861,0.2328172,0.1509681,0.25886889999999996,0.100963,-0.2920665,0.1955417,-0.3048125,0.174677,0.8048181999999999,0.09371886,0.6296705,0.21879279999999998,0.6261605,0.1939187,0.3460994,-0.02747117,0.1625166,0.2977296,0.06468562,0,0,0,0,0,0,0,0
0.5065189999999999,-0.5318643,0.01693915,-0.6244607,0.04327981,0.3751211,0.2988195,0.33495959999999997,0.4333875,-0.5688626,-0.07136932,-0.6720467,-0.08706928,0.1563789,0.3064028,-0.02170542,0.07122278,0.9731612,0.1157847,0.22344070000000002,0.1887346,0.23200279999999998,0.15393510000000002,0.2609482,0.12189160000000002,-0.29111440000000005,0.06047149,-0.18794560000000002,0.1950034,0.8045204,0.1140452,0.6293727,0.2306644,0.6266128000000001,0.19864479999999998,0.34706090000000006,-0.02061303,0.1703426,0.3001399,0.06385463,0,0,0,0,0,0,0,0
0.5503319999999999,-0.5054605999999999,0.08054657,-0.6121885,0.05638062,0.3765255,0.3023163,0.3370073,0.47820569999999996,-0.5426605,0.0049645159999999995,-0.675339,-0.01997929,0.15571120000000002,0.3073587,-0.02125069,0.08485293,0.97482,0.13418270000000002,0.22833739999999997,0.20741779999999999,0.23931079999999996,0.1742442,0.27101909999999996,0.15497879999999997,-0.2906861,0.07058263,-0.17656729999999998,0.20809729999999999,0.8059001,0.1271392,0.6307524,0.25183710000000004,0.6300589,0.2195647,0.356356,0.04923412,0.16643,0.3075062,0.07923857,0,0,0,0,0,0,0,0
0.5698528,-0.5045277,0.12391500000000001,-0.6029313000000001,0.06948009,0.3790245,0.3061574,0.34777090000000005,0.498458,-0.5431519,0.05907124,-0.6761129,0.02349692,0.1041672,0.3027019,-0.01945448,0.09917085,0.9786475,0.1855761,0.23807289999999998,0.2534833,0.25455429999999996,0.22040820000000003,0.2881114,0.1762476,-0.28952209999999995,0.19114160000000002,-0.1961928,0.22118960000000001,0.8083731,0.1402315,0.6332253999999999,0.26448449999999996,0.6337739,0.258362,0.3723316,0.07408787,0.1713189,0.3028531,0.09191921,0,0,0,0,0,0,0,0
0.5703779,-0.5026103,0.17901620000000001,-0.5734116,0.09112526,0.38884029999999997,0.3081375,0.3555061,0.49690439999999997,-0.5402839,0.10554269999999999,-0.6110852,0.0633813,0.10257480000000001,0.26795749999999996,-0.001109912,0.1160529,0.9842091000000001,0.1865111,0.24032150000000002,0.25204360000000003,0.2552004,0.2203993,0.28984040000000005,0.17403949999999999,-0.29087379999999996,0.1898209,-0.2050154,0.24282470000000003,0.8181529000000001,0.16186660000000003,0.6430053000000001,0.2725424,0.6398364000000001,0.2615239,0.37352640000000004,0.1013336,0.176765,0.2506218,0.09162106,0,0,0,0,0,0,0,0
0.6210213000000001,-0.5401246999999999,0.2421375,-0.6047832,0.0967781,0.3916736,0.3059765,0.3601184,0.6223816,-0.6394949000000001,0.17514570000000002,-0.6750744000000001,0.09376611,0.05325484,0.2181353,0.01556374,0.1220004,0.9872894,0.18982520000000003,0.24151309999999998,0.2551494,0.2572821,0.2232248,0.2891545,0.362169,-0.28975409999999996,0.2004193,-0.2023453,0.2484979,0.8210593,0.1675398,0.6459117,0.27955409999999997,0.6439866,0.26589470000000004,0.37361659999999997,0.13229549999999998,0.1268529,0.23826079999999997,0.09656888,0,0,0,0,0,0,0,0
0.4917196,-0.49346769999999995,0.2809256,-0.6195956,0.09912466,0.3925349,0.30191809999999997,0.36324359999999994,0.5249372,-0.589287,0.2161786,-0.6750193,0.09377497,0.05323433,0.1603376,0.01236352,0.12623620000000002,0.9898190999999998,0.1976224,0.24043879999999998,0.2614965,0.2550364,0.23100279999999998,0.2855236,0.13794589999999998,-0.1989855,0.262517,-0.22822640000000002,0.250864,0.821991,0.1699059,0.6468433000000001,0.2815975,0.6447954,0.2734026,0.3721592,0.1323022,0.1268283,0.1860092,0.09217481,0,0,0,0,0,0,0,0
0.4568876,-0.5139169,0.4155228,-0.6049601,0.102014,0.3940261,0.29152790000000006,0.3636929,0.4797932,-0.6121411,0.3221963,-0.6453733,0.09421514,0.053492399999999996,0.1114669,0.02413093,0.1296596,0.9919595999999999,0.20486220000000002,0.22878160000000003,0.26537849999999996,0.2542478,0.23578360000000004,0.28128509999999995,0.1401785,-0.17993810000000002,0.2938597,-0.24771590000000002,0.2537742,0.8235571,0.1728161,0.6484094,0.2850511,0.6477616,0.27809759999999994,0.3694524,0.1327221,0.12704749999999998,0.1515618,0.0954169,0,0,0,0,0,0,0,0
0.3515545,-0.43757429999999997,0.4012676,-0.602869,0.10430489999999999,0.39562129999999995,0.2753665,0.36471709999999996,0.3243454,-0.5345854999999999,0.3232286,-0.6684955,0.09489544,0.05410367,0.06694839999999999,0.05273027,0.1321765,0.9940684000000001,0.20906729999999998,0.23201300000000002,0.270179,0.25515570000000004,0.24049189999999998,0.28312259999999995,0.13891489999999998,-0.17380020000000002,0.3159744,-0.25250429999999996,0.2560547,0.8251148000000001,0.17509660000000002,0.6499672,0.287815,0.6491224,0.2828219,0.37156659999999997,0.13338060000000002,0.12761720000000001,0.1127826,0.1215172,0,0,0,0,0,0,0,0
0.3071062,-0.6237117,0.4095373,-0.6164797,0.11074690000000001,0.3212592,0.2616498,0.37012790000000007,0.2663822,-0.6807588000000001,0.36006409999999994,-0.6726823000000001,0.09765637,-0.02217592,0.04144822,0.07451497,0.16168659999999999,0.93624,0.23275549999999998,0.2119756,0.27839250000000004,0.24558310000000003,0.25357179999999996,0.268604,0.1586069,-0.2299839,0.329859,-0.2518703,0.26248459999999996,0.7507093,0.1815265,0.5755617,0.29010240000000004,0.6510829,0.2971548,0.34815820000000003,0.13612020000000002,0.05129682,0.09734029,0.1361822,0,0,0,0,0,0,0,0
0.2406657,-0.6248526999999999,0.4413339,-0.6159385,0.11244580000000001,0.3218606,0.2481359,0.37118909999999994,0.16207120000000003,-0.677239,0.4151919,-0.6832745,0.09936181,-0.02158467,0.012878799999999998,0.10556900000000001,0.16294229999999998,0.9365972,0.23625120000000002,0.2170422,0.279762,0.2443509,0.25704740000000004,0.2725428,0.1446787,-0.22640970000000002,0.35443909999999995,-0.24330770000000002,0.2641702,0.7512625,0.18321199999999999,0.5761149999999999,0.2935979,0.6515318,0.29965840000000005,0.3511533,0.1378057,0.051850099999999996,0.07636712,0.1591142,0,0,0,0,0,0,0,0
0.15074820000000003,-0.5969810000000001,0.5138009,-0.6231905,0.11504400000000001,0.3240925,0.24209120000000003,0.3712152,0.07381482,-0.6587343000000001,0.4496418,-0.6734992,0.1019658,-0.01936405,-0.0013421070000000002,0.1134103,0.16469170000000002,0.9382853000000001,0.23876170000000002,0.2224361,0.28434159999999997,0.24302739999999998,0.2620631,0.2795954,0.1220317,-0.2099439,0.3937921,-0.2498723,0.26675509999999997,0.7534468000000001,0.18579690000000001,0.5782991999999999,0.299255,0.6521853,0.30367109999999997,0.35785100000000003,0.1403906,0.05403432,0.05775125,0.1718553,0,0,0,0,0,0,0,0
0.08375479,-0.6012991,0.5637253000000001,-0.610366,0.12901179999999998,0.33305,0.23883000000000001,0.3704014,-0.0026420259999999996,-0.6523061,0.5058216,-0.6755331,0.11593250000000001,-0.01042712,0.001754884,0.1419898,0.1723656,0.9429999,0.25965879999999997,0.240208,0.30183530000000003,0.2592552,0.27508540000000004,0.28385229999999995,0.12275150000000001,-0.2119567,0.43846490000000005,-0.2506992,0.28071199999999996,0.7623649,0.1997539,0.5872173,0.31004709999999996,0.6506287,0.317078,0.3627118,0.1543475,0.06295235,0.06496669,0.2047364,0,0,0,0,0,0,0,0
0.07284121,-0.5820116999999999,0.6236543999999999,-0.622476,0.14958829999999998,0.396855,0.23756170000000001,0.3699788,-0.01845997,-0.6257686,0.5674710999999999,-0.6717926,0.13651010000000002,0.05336796,-0.03903782,0.144846,0.1695674,0.9891664000000001,0.2668947,0.2485712,0.3118243,0.26478379999999996,0.28658590000000006,0.28858190000000006,0.1400981,-0.2231061,0.45121000000000006,-0.2401466,0.30128119999999997,0.8261439,0.220323,0.6509963000000001,0.31904679999999996,0.6482604000000001,0.32941570000000003,0.3718531,0.1749167,0.1267314,0.05388028,0.2076078,0,0,0,0,0,0,0,0
0.07152334,-0.5713085999999999,0.6652955,-0.6141462,0.1530499,0.3966417,0.2386826,0.36934,-0.01719607,-0.6203013,0.6136308000000001,-0.6721779,0.1399713,0.05314115,-0.03617986,0.14845479999999997,0.17530379999999998,0.9914495999999999,0.27091509999999996,0.2488196,0.3137507,0.26505270000000003,0.2910427,0.2869581,0.1691086,-0.22602379999999997,0.4683303,-0.23807759999999997,0.30473520000000004,0.8259034,0.2237771,0.6507558000000001,0.3294599,0.6460491,0.33340790000000003,0.3717433,0.17837070000000002,0.1264909,0.05680023,0.21171260000000003,0,0,0,0,0,0,0,0
0.07395384,-0.5806386,0.7133309,-0.6054689,0.1599418,0.39514940000000004,0.2433214,0.3684656,-0.0157429,-0.6294124,0.6769052,-0.667063,0.1468586,0.05162532,-0.03254952,0.1485405,0.1839738,0.9912519000000001,0.273904,0.24873520000000005,0.3166751,0.2698684,0.2945233,0.2873795,0.1938927,-0.230985,0.47579609999999994,-0.237179,0.3116184,0.8243799999999999,0.2306603,0.6492324,0.33772670000000005,0.6436295999999999,0.33792849999999997,0.3725498,0.185254,0.1249675,0.06191735,0.209936,0,0,0,0,0,0,0,0
0.12153239999999998,-0.5849882,0.7430272,-0.6119255,0.17141979999999998,0.3912463,0.2575833,0.3743632,0.03470651,-0.6387311999999999,0.7064746999999999,-0.6776348000000001,0.1583351,0.04770455,-0.01512102,0.15035489999999999,0.1986092,0.9901938,0.27911590000000003,0.2375103,0.32174440000000004,0.25659210000000005,0.2998807,0.2802698,0.20425870000000002,-0.2388132,0.4890173,-0.2480859,0.3230876,0.8204449,0.2421294,0.6452974,0.348175,0.6397784000000001,0.3440265,0.3667042,0.1967231,0.1210325,0.07501921,0.21578640000000002,0,0,0,0,0,0,0,0
0.1563102,-0.5916125,0.7594808000000001,-0.6002504,0.1762463,0.3884741,0.2708142,0.3769889,0.07379629,-0.6517925999999999,0.7504930000000001,-0.6730553000000001,0.1631874,0.04501151,0.011531999999999999,0.1387865,0.2049449,0.9888378000000001,0.2798843,0.2354667,0.32307779999999997,0.25644770000000006,0.3017631,0.2782679,0.22409050000000003,-0.2387886,0.487821,-0.25029179999999995,0.3279318,0.8177365,0.2469736,0.6425889,0.3534102,0.6390735,0.3463923,0.36441090000000004,0.20156729999999998,0.1183241,0.10264369999999999,0.20446989999999998,0,0,0,0,0,0,0,0
0.20060329999999998,-0.5939968000000001,0.7488534,-0.5686861999999999,0.1834117,0.3242592,0.2777516,0.37357670000000004,0.11496019999999998,-0.6494631,0.7552082,-0.6614258000000001,0.1703451,-0.01923987,0.02897794,0.11177639999999998,0.2346103,0.9395304,0.2833374,0.2250784,0.326823,0.2517264,0.30582370000000003,0.27236750000000004,0.23010500000000003,-0.2383599,0.43754529999999997,-0.23448720000000003,0.3350844,0.7534755,0.25412629999999997,0.578328,0.3583208,0.6411908000000001,0.3520403,0.3521262,0.20872,0.05406307,0.09119091,0.1658822,0,0,0,0,0,0,0,0
0.2343822,-0.5971303000000001,0.7203658000000001,-0.5386006,0.18285720000000003,0.3271447,0.2939328,0.385085,0.1688576,-0.6655319000000001,0.7430829000000001,-0.6373214,0.1698004,-0.01635417,0.06552669,0.09938124,0.23357070000000002,0.9420699,0.2854236,0.2225714,0.3344277,0.2532219,0.30969240000000003,0.27178009999999997,0.2321219,-0.24016279999999998,0.384071,-0.2271844,0.3345188,0.7563214,0.2535608,0.5811738000000001,0.3615753,0.648818,0.3543249,0.35146669999999997,0.2081544,0.05690888,0.1201358,0.16156489999999998,0,0,0,0,0,0,0,0
0.26244609999999996,-0.5919036999999999,0.6715349,-0.5196662000000001,0.1816323,0.3324258,0.3029472,0.390543,0.18601579999999998,-0.6589325,0.7049503,-0.6159887,0.168576,-0.01109332,0.1174694,0.08629987,0.2327731,0.9474968,0.2813791,0.22144339999999998,0.33333779999999996,0.25352070000000004,0.30811669999999997,0.27280170000000004,0.22219770000000003,-0.22508920000000002,0.32796290000000006,-0.2144195,0.3332812,0.7615569000000001,0.25232319999999997,0.5864094,0.3621076,0.6565411999999999,0.35304359999999996,0.3521681,0.20691679999999996,0.06214445,0.1764345,0.1686806,0,0,0,0,0,0,0,0
0.3276188,-0.6792934,0.6418939,-0.5321336,0.1694471,0.26333490000000004,0.3133067,0.39447459999999995,0.23035070000000002,-0.6656134,0.6260793,-0.6311763000000001,0.15638970000000002,-0.08020909,0.14321989999999998,0.06727945,0.23272379999999998,0.9161213,0.27686750000000004,0.2008915,0.3314078,0.25321289999999996,0.3065099,0.2712073,0.2206585,-0.36841799999999997,0.312475,-0.2220265,0.32108259999999994,0.6924176,0.2401245,0.51727,0.3598268,0.6612708,0.3498884,0.3447375,0.1947182,-0.0069948580000000005,0.18352639999999998,0.1624281,0,0,0,0,0,0,0,0
0.338014,-0.6103172,0.5706,-0.554534,0.1737371,0.4243878,0.3340759,0.40199109999999993,0.253874,-0.6575751,0.5362203000000001,-0.647728,0.1607152,0.080938,0.1983021,0.06067815,0.2019118,1.024673,0.2630785,0.279532,0.3155074,0.2760437,0.2909907,0.30486890000000005,0.3903952,-0.1731704,0.2885739,-0.21246700000000002,0.32538829999999996,0.8535271000000001,0.24443020000000001,0.6783795,0.35570630000000003,0.6644760000000001,0.3372193,0.3931308,0.1990239,0.1541146,0.2241248,0.1394928,0,0,0,0,0,0,0,0
0.3862835,-0.5914438,0.47177299999999994,-0.5339477,0.1727183,0.4237142,0.34631300000000004,0.4015546,0.31994090000000003,-0.6513310999999999,0.443524,-0.6321599,0.1597141,0.08032344,0.201203,0.01480557,0.201678,1.024541,0.2630691,0.26010500000000003,0.3131932,0.27701970000000004,0.2899187,0.3012356,0.401233,-0.22953779999999996,0.19661629999999997,-0.1657429,0.3243844,0.8529071,0.24342629999999998,0.6777595000000001,0.354549,0.6653609,0.3361143,0.3901963,0.19802,0.1534946,0.23714960000000002,0.09039517,0,0,0,0,0,0,0,0
0.40970039999999996,-0.5667616999999999,0.39365490000000003,-0.5708972,0.16658499999999998,0.3369149,0.368006,0.39512620000000004,0.33755820000000003,-0.6313525,0.336827,-0.6552422,0.200301,-0.02344815,0.2733914,0.03396049,0.221977,0.9542065000000001,0.2602916,0.2198075,0.3106383,0.2603437,0.28776240000000003,0.2770626,0.4004145,-0.2291127,0.18382779999999999,-0.16465929999999998,0.3182365,0.7660551,0.2372783,0.5909075,0.35397649999999997,0.6656409000000001,0.3332806,0.35311079999999995,0.19187200000000001,0.06664263,0.2853029,0.11661969999999999,0,0,0,0,0,0,0,0
0.45480790000000004,-0.6454313,0.3705505,-0.5794665,0.16631379999999998,0.340565,0.38065740000000003,0.3936355,0.3658985,-0.6470844,0.2909022,-0.6314398,0.11944,0.07300936,0.3210719,0.02684354,0.22030039999999998,0.9571620000000001,0.2616712,0.2206013,0.3136433,0.2597331,0.2897421,0.2764697,0.40825120000000004,-0.22959279999999999,0.1468503,-0.1899774,0.3179491,0.7696472,0.23699099999999998,0.5944996,0.35346609999999995,0.6659391,0.3344435,0.35353779999999996,0.1745455,0.1344729,0.32852070000000005,0.1128527,0,0,0,0,0,0,0,0
0.5220151,-0.6062729,0.2163121,-0.6098453,0.1664747,0.3410757,0.39715209999999995,0.37547590000000003,0.4464338,-0.667358,0.1390368,-0.6577579000000001,0.04587327,0.09087006,0.3429997,0.02420725,0.2201056,0.9572697,0.2616153,0.2199774,0.31328579999999995,0.2573098,0.289479,0.2738512,0.418612,-0.219133,0.1463168,-0.1899479,0.31809380000000004,0.7700996999999999,0.2371357,0.5949521,0.3533196,0.6659848,0.3343933,0.3522112,0.1067362,0.14535379999999998,0.35580300000000004,0.10813699999999998,0,0,0,0,0,0,0,0
0.5467111,-0.596527,0.13441329999999999,-0.610505,0.16960550000000002,0.40926999999999997,0.40924,0.36706170000000005,0.497453,-0.6561876,0.05076417,-0.6538691999999999,0.06005744,0.16309720000000003,0.39272199999999996,0.008290216999999999,0.19379749999999998,1.005782,0.2600726,0.221496,0.3115412,0.25806979999999996,0.288273,0.27437979999999995,0.42560820000000005,-0.21472399999999997,0.1389095,-0.1953055,0.3212144,0.8382571,0.2402563,0.6631095,0.3534893,0.6656094,0.3326465,0.3566614,0.1254568,0.2005536,0.3894107,0.10464169999999999,0,0,0,0,0,0,0,0
0.6087816,-0.6055483,0.06181218,-0.6151121999999999,0.16978220000000002,0.4091225,0.41752510000000004,0.3626679,0.5180475999999999,-0.6527721,-0.03571042,-0.6327073000000001,0.01695934,0.1468692,0.40876809999999997,0.008922801999999999,0.1952285,1.006453,0.2605515,0.2221685,0.3120073,0.258298,0.2886486,0.2743003,0.4500915,-0.2103208,0.14819749999999998,-0.17626979999999998,0.3213809,0.8380733,0.24042280000000002,0.6629257,0.3540023,0.663971,0.33333759999999996,0.35787340000000006,0.11338440000000001,0.2057458,0.40559570000000006,0.09534606,0,0,0,0,0,0,0,0
0.6369441,-0.5994923000000001,-0.012274799999999999,-0.5952228,0.16969520000000002,0.40512270000000006,0.4264219,0.3589945,0.5914590999999999,-0.6586621,-0.10442839999999999,-0.6291878000000001,0.0027994290000000004,0.154391,0.43929700000000005,-0.002166748,0.197216,1.0042309999999999,0.28339200000000003,0.21521729999999997,0.3322335,0.2547089,0.30836379999999997,0.26684220000000003,0.4708627,-0.21457620000000002,0.14858659999999999,-0.1756432,0.3212837,0.8340366,0.24032559999999997,0.6588890000000001,0.3541915,0.6603992,0.3474305,0.3562093,0.09876950000000001,0.21410140000000003,0.4324148,0.08116999,0,0,0,0,0,0,0,0
0.6917054,-0.5971554,0.04617622,-0.5378453000000001,0.21668539999999997,0.4123831,0.43366590000000005,0.3526953,0.6424831999999999,-0.6564131,-0.0419622,-0.5886519,-0.006925412,0.1726169,0.4539482,-0.001375608,0.1997999,1.002917,0.28136809999999995,0.21265889999999998,0.3308995,0.2518842,0.3071541,0.2648203,0.5159488,-0.23211120000000002,0.3271651,-0.1796408,0.3223679,0.8313593,0.24140970000000003,0.6562116,0.3565767,0.65194,0.3472514,0.3550636,0.08877739,0.23250349999999997,0.4362504,0.08037158,0,0,0,0,0,0,0,0
0.7141043,-0.5950451,0.02803096,-0.6032937,0.2036624,0.40273059999999994,0.4366397,0.35123390000000004,0.6850166999999999,-0.6618489000000001,-0.06808035,-0.633791,-0.01058856,0.17046879999999998,0.4580455,-0.004532382,0.20456860000000002,0.9999899999999999,0.2790835,0.2069525,0.32878090000000004,0.24351460000000003,0.30513429999999997,0.25792550000000003,0.5549361999999999,-0.24496220000000002,0.332489,-0.2669764,0.3239395,0.82542,0.2429814,0.6502724,0.357432,0.6440524000000001,0.34687929999999995,0.34953909999999994,0.08643626,0.22812310000000002,0.44152299999999994,0.07746339,0,0,0,0,0,0,0,0
0.7512613,-0.5937060000000001,0.08245468,-0.6197753,0.20405589999999998,0.40089109999999994,0.43795829999999997,0.3489344,0.7276020999999999,-0.6651372,0.0048255979999999995,-0.6528478,-0.01685371,0.1732646,0.45834600000000003,-0.005935088000000001,0.2099788,0.9983208,0.27690529999999997,0.20379589999999997,0.3266995,0.2398341,0.3030333,0.2540142,0.5578571999999999,-0.24807470000000004,0.3320841,-0.2579844,0.3254422,0.8208894,0.24448409999999998,0.6457418,0.3583746,0.641178,0.34582529999999995,0.34561379999999997,0.08027719,0.2312036,0.44261090000000003,0.07622553,0,0,0,0,0,0,0,0
0.7594463,-0.5879076,0.1208924,-0.6080233,0.2053869,0.399658,0.43767390000000006,0.347378,0.7546695,-0.6631703,0.0344292,-0.6574603,-0.007969283,0.1658353,0.45590070000000005,-0.008429780999999999,0.2150379,0.9975274,0.27019709999999997,0.20903739999999998,0.3232604,0.23994520000000003,0.2990435,0.2559496,0.5019553,-0.2633074,0.3272735,-0.2538415,0.3276097,0.818005,0.2466516,0.6428573000000001,0.3591652,0.6391811,0.3438643,0.34609829999999997,0.08712825,0.22668310000000003,0.44170200000000004,0.07400277,0,0,0,0,0,0,0,0
0.6708206,-0.5097066,0.1639797,-0.6132413000000001,0.20566979999999999,0.4021329,0.43349160000000003,0.347261,0.5971084,-0.5469848,0.0873509,-0.6636255,0.05841909,0.181497,0.4388036,-0.01144981,0.21444320000000003,0.9991846999999999,0.24960679999999996,0.23638679999999998,0.31640949999999995,0.24508400000000002,0.28646220000000006,0.2720315,0.3628294,-0.1953012,0.20969839999999998,-0.1858341,0.32813059999999994,0.8200063,0.2471725,0.6448587,0.3592114,0.6394438,0.3351052,0.3571798,0.11059780000000001,0.2120342,0.4297134,0.07292559,0,0,0,0,0,0,0,0
0.665077,-0.47998450000000004,0.215917,-0.5962668999999999,0.20532899999999998,0.40374109999999996,0.4210916,0.3524027,0.5912976,-0.5170935000000001,0.1518317,-0.6620236999999999,0.08397816,0.1388836,0.40203490000000003,-0.0136734,0.21489229999999998,1.000928,0.24699970000000002,0.23773609999999998,0.3082747,0.25124009999999997,0.2810022,0.277278,0.30130609999999997,-0.22997329999999996,0.23523289999999997,-0.2180705,0.32792009999999994,0.8213435,0.246962,0.6461958999999999,0.3595912,0.6424009,0.32976459999999996,0.36229809999999996,0.1392476,0.1985388,0.4034475,0.0844826,0,0,0,0,0,0,0,0
0.7211554,-0.5327165,0.2568076,-0.5924936,0.2047745,0.4079592,0.3956688,0.3843223,0.7452396,-0.6321403,0.1859993,-0.6598238000000001,0.1264056,0.1117394,0.34905349999999996,0.0057370469999999995,0.2146228,1.004852,0.2487244,0.24187129999999998,0.30899190000000004,0.256038,0.2822045,0.283229,0.36799770000000004,-0.3079122,0.27920959999999995,-0.20501599999999998,0.32750619999999997,0.8252863000000001,0.24654810000000002,0.6501387,0.3594953,0.6467619000000001,0.3303986,0.3684289,0.17821800000000002,0.17563929999999997,0.3553159,0.109401,0,0,0,0,0,0,0,0
0.5878005999999999,-0.461182,0.2974928,-0.6060446999999999,0.20426529999999998,0.41098500000000004,0.3917414,0.3848598,0.6265066,-0.5478464,0.22495679999999998,-0.6702216999999999,0.1778807,0.08380754,0.2939935,0.02668427,0.21457470000000003,1.007952,0.251156,0.2451966,0.3091468,0.25830410000000004,0.2833802,0.28741479999999997,0.22045229999999996,-0.18256979999999998,0.3013937,-0.2109805,0.3270584,0.8281506999999999,0.24610029999999997,0.6530031999999999,0.35767309999999997,0.6492153,0.3312153,0.37274559999999995,0.19816979999999998,0.159051,0.3204755,0.1112515,0,0,0,0,0,0,0,0
0.5437446,-0.46648069999999997,0.34849109999999994,-0.6190074000000001,0.20308289999999998,0.4142373,0.3740363,0.3813249,0.5747256,-0.5605964,0.2695563,-0.6713294,0.17716429999999997,0.084216,0.2438741,0.03406421,0.2137489,1.0112889999999999,0.25318520000000005,0.2494817,0.30947909999999995,0.2588787,0.284458,0.2907284,0.2099366,-0.1505011,0.32478720000000005,-0.2188542,0.3259172,0.8312844000000001,0.24495909999999999,0.6561369,0.35684859999999996,0.651432,0.3317894,0.3765079,0.199001,0.1586285,0.27291479999999996,0.1386334,0,0,0,0,0,0,0,0
0.47909799999999997,-0.5231560000000001,0.4359674,-0.6123206999999999,0.2028401,0.4155497,0.3625178,0.38113990000000003,0.40563299999999997,-0.5609375,0.34438779999999997,-0.6554575,0.176742,0.08456635,0.1790805,0.02859312,0.21406999999999998,1.0129549999999998,0.258474,0.24923379999999998,0.31706009999999996,0.2652191,0.2872509,0.2897658,0.2108891,-0.1510385,0.3573171,-0.23591079999999998,0.3256867,0.8325325000000001,0.24472860000000002,0.6573849,0.35690520000000003,0.6532468000000001,0.3335732,0.3764417,0.1998547,0.1582164,0.20792710000000003,0.1025181,0,0,0,0,0,0,0,0
0.3737629,-0.49549560000000004,0.4353048,-0.6131794,0.20296589999999998,0.4157691,0.3415587,0.381745,0.3451898,-0.5893311,0.3589225,-0.675298,0.17635179999999998,0.08445798,0.1344784,0.05090813,0.2143893,1.013407,0.2608473,0.2500825,0.32416799999999996,0.2668934,0.2924113,0.2899738,0.2021665,-0.1512167,0.37916859999999997,-0.2500915,0.3258204,0.8326950999999999,0.2448623,0.6575475000000001,0.35855,0.6542441999999999,0.3373816,0.3771402,0.2011487,0.1569502,0.1873763,0.11217719999999999,0,0,0,0,0,0,0,0
0.328918,-0.5697137,0.4452505,-0.618762,0.20499829999999997,0.41750329999999997,0.3284498,0.38553119999999996,0.2558092,-0.6080531,0.4062375,-0.6837338000000001,0.17759520000000004,0.08572532,0.09273829,0.07215538,0.21495799999999998,1.014156,0.26768379999999997,0.25166550000000004,0.3385106,0.26509109999999997,0.30343259999999994,0.28917950000000003,0.1710652,-0.1405279,0.39766890000000005,-0.2506986,0.3278644,0.8343746999999999,0.24690630000000002,0.6592271,0.36193990000000004,0.6560935999999999,0.3468153,0.377605,0.2043046,0.1571867,0.1399471,0.1370192,0,0,0,0,0,0,0,0
0.26702329999999996,-0.6103529999999999,0.49698000000000003,-0.6170305,0.2108545,0.35393979999999997,0.31621679999999996,0.3891857,0.1808079,-0.6563547,0.45304700000000003,-0.6785061,0.18236960000000002,0.02040952,0.06750429,0.1068423,0.23813539999999997,0.9608341999999999,0.30441940000000006,0.22710770000000002,0.3510561,0.2580206,0.32485590000000003,0.281315,0.1691144,-0.2098882,0.4171978,-0.2424584,0.3337462,0.7707046,0.25278809999999996,0.595557,0.36421820000000005,0.656704,0.3661541,0.36320040000000003,0.21304320000000002,0.08994602,0.1280259,0.1614943,0,0,0,0,0,0,0,0
0.17180510000000002,-0.5981846,0.5533213,-0.6188803,0.2153078,0.4171911,0.3083844,0.390349,0.08576547,-0.6450619000000001,0.47939220000000005,-0.6713789000000001,0.1868225,0.08363833,0.04553046,0.13125870000000003,0.21139299999999997,1.004077,0.29550570000000004,0.24137350000000002,0.34481,0.2590241,0.3209559,0.28458979999999995,0.16237390000000002,-0.1887579,0.44812690000000005,-0.23602670000000003,0.3381935,0.8339208,0.2572353,0.6587732,0.36564440000000004,0.6564313,0.3638648,0.3700132,0.21749050000000003,0.1531622,0.1244318,0.2002031,0,0,0,0,0,0,0,0
0.09151663,-0.6041448,0.5847465000000001,-0.6137491999999999,0.21038739999999997,0.3588593,0.294976,0.3869216,-0.002978638,-0.6373746,0.540588,-0.6752012,0.18189760000000002,0.02527133,0.02440228,0.1491568,0.2375281,0.9652331000000001,0.2912284,0.24604429999999997,0.33312990000000003,0.2620502,0.3139344,0.28960820000000004,0.159884,-0.19913150000000002,0.46088609999999997,-0.22980279999999997,0.3332659,0.7755476,0.2523077,0.6004,0.3662672,0.6560776,0.35853090000000004,0.37071350000000003,0.2125629,0.09478901,0.11694149999999999,0.21164929999999998,0,0,0,0,0,0,0,0
0.04919819,-0.585771,0.6439431999999999,-0.6170015,0.2100737,0.3162736,0.2860335,0.385141,-0.04614601,-0.6233849,0.5863464,-0.6659476,0.18157939999999997,-0.01734984,0.007758968000000001,0.157577,0.2428629,0.9331279,0.2938534,0.2291886,0.333629,0.2486098,0.3148387,0.283911,0.16350279999999998,-0.2035055,0.477508,-0.2241984,0.3329449,0.7329201,0.2519868,0.5577725,0.3672986,0.6551485,0.35925440000000003,0.3591896,0.21224189999999998,0.05216145,0.1011257,0.21930389999999997,0,0,0,0,0,0,0,0
0.04907409,-0.5690385,0.669331,-0.6117945,0.2065377,0.4066328,0.28146570000000004,0.38492940000000003,-0.04994107,-0.5943609000000001,0.6070036999999999,-0.6640995,0.17804189999999998,0.07298524,-0.002466505,0.15911860000000003,0.21180229999999997,0.9999712,0.2921118,0.23214659999999998,0.3393262,0.24958670000000002,0.3157426,0.2811245,0.1757047,-0.2046034,0.48863670000000003,-0.2220639,0.329403,0.8232454,0.2484449,0.6480978000000001,0.36700000000000005,0.6531494999999999,0.3588132,0.3626227,0.2087,0.1424868,0.08818334,0.22358720000000004,0,0,0,0,0,0,0,0
0.05548514,-0.5685762,0.705083,-0.6092941,0.1954067,0.30224609999999996,0.2720347,0.37951009999999996,-0.03638079,-0.6116385999999999,0.6478994,-0.6592017,0.16690950000000002,-0.03142982,-0.01051051,0.16877779999999998,0.2324449,0.9178611999999999,0.2878403,0.22408979999999998,0.3230761,0.22802150000000002,0.3078341,0.26686040000000005,0.1828115,-0.2135822,0.48894399999999993,-0.2222839,0.31826479999999996,0.7188171,0.2373067,0.5436694999999999,0.3633355,0.6495728000000001,0.3498407,0.34294600000000003,0.19756179999999998,0.03805844,0.0774168,0.2251496,0,0,0,0,0,0,0,0
0.03396636,-0.6208627,0.7108281,-0.6074293000000001,0.1917678,0.4074811,0.266788,0.3780408,-0.05151557,-0.6446569000000001,0.6586166999999999,-0.6595399000000001,0.16326970000000002,0.07378346,-0.01340605,0.17031179999999999,0.19895670000000001,1.001837,0.2755724,0.2321244,0.3131312,0.24484650000000002,0.2959198,0.27827529999999995,0.181963,-0.22083119999999998,0.4863706,-0.2253219,0.3146203,0.8240197,0.23366220000000004,0.6488721,0.3566335,0.6475132,0.3379152,0.3652672,0.1939173,0.1432611,0.07689910000000001,0.22735789999999997,0,0,0,0,0,0,0,0
0.05736014,-0.6131889,0.7160645999999999,-0.5888876999999999,0.17504129999999998,0.3196751,0.2605373,0.3767532,-0.018574700000000003,-0.6578568,0.6950647,-0.6588363,0.14653570000000002,-0.01406806,-0.02118189,0.1608185,0.20907089999999998,0.9288914,0.26075479999999995,0.2233645,0.29464709999999994,0.23573920000000004,0.2832615,0.2696381,0.1691065,-0.2276822,0.4550555,-0.2312002,0.2978855,0.7361664000000001,0.2169274,0.5610188,0.3443476,0.6461873,0.32415040000000006,0.34789790000000004,0.1771825,0.05540775,0.07254373,0.22330970000000003,0,0,0,0,0,0,0,0
0.09651035,-0.6053305999999999,0.7062255999999999,-0.5775183,0.164639,0.34004,0.2552605,0.37450140000000004,0.008924849,-0.6561137,0.6995024999999999,-0.6485398,0.1361297,0.006264776,-0.015527000000000001,0.1435289,0.1945041,0.9471579999999999,0.23796779999999998,0.2265196,0.284879,0.2404455,0.2647448,0.27252940000000003,0.1518796,-0.23839580000000002,0.4208357,-0.24146410000000001,0.28747649999999997,0.7564925,0.20651839999999996,0.5813448,0.3297752,0.6477542,0.3102351,0.35064609999999996,0.1667735,0.07573386,0.07346196,0.21245660000000002,0,0,0,0,0,0,0,0
0.1061469,-0.6215466,0.6780853,-0.5576859000000001,0.1551349,0.34644509999999995,0.2575569,0.3884868,0.03444663,-0.6686574000000001,0.6771027,-0.6334065,0.1266247,0.01265021,0.01690746,0.1234242,0.1830668,0.952635,0.2155536,0.2378368,0.2600152,0.2554226,0.24303400000000003,0.2792173,0.1497498,-0.24056639999999999,0.4110004,-0.3066409,0.27796750000000003,0.7628689000000001,0.1970094,0.5877213000000001,0.3188183,0.6517191,0.2893353,0.3564765,0.1572645,0.08211030000000001,0.09054241,0.2087726,0,0,0,0,0,0,0,0
0.1347219,-0.6294875,0.6070671999999999,-0.5259904000000001,0.146259,0.3451465,0.2575217,0.3947829,0.07304645,-0.6736076,0.6421053000000001,-0.6220796,0.1177491,0.01132244,0.04612359,0.0954238,0.174067,0.9510552,0.2010125,0.23499420000000001,0.2481347,0.2595723,0.2275654,0.2808715,0.1505151,-0.24325929999999998,0.26396679999999995,-0.2291552,0.269083,0.7615206999999999,0.18812479999999998,0.5863732,0.305483,0.6585652,0.27539179999999996,0.3568875,0.14837999999999998,0.0807621,0.09827939,0.174191,0,0,0,0,0,0,0,0
0.1451751,-0.5956534000000001,0.5255909000000001,-0.4993237,0.1284025,0.43132209999999993,0.2622723,0.4027982,0.07195412,-0.6329172,0.45236990000000005,-0.5365875,0.0998942,0.09748223,0.07482289,0.08133344,0.1373157,1.026182,0.17911749999999999,0.29538390000000003,0.23020670000000001,0.28927309999999995,0.20829070000000002,0.33560959999999995,0.14001770000000002,-0.1409565,0.18864270000000002,-0.192249,0.251221,0.8476644,0.1702628,0.6725168,0.2978946,0.6613735,0.2550486,0.4163254,0.130518,0.1669058,0.1247798,0.167285,0,0,0,0,0,0,0,0
0.1944181,-0.5912691,0.4723772,-0.517624,0.12704749999999998,0.4325795,0.2652402,0.4018657,0.16235929999999998,-0.6673441999999999,0.4638643,-0.6186630999999999,0.09854209,0.09872656,0.1252252,0.06594613,0.135321,1.0269840000000001,0.1742206,0.2955534,0.2290382,0.28769870000000003,0.20515770000000003,0.3303204,0.1431868,-0.1407128,0.1629431,-0.1799098,0.2498603,0.8488893,0.1689022,0.6737417,0.2920212,0.6644536999999999,0.252758,0.4128042,0.1291573,0.1681307,0.15080770000000002,0.1557049,0,0,0,0,0,0,0,0
0.27094409999999997,-0.6038213000000001,0.4125247,-0.5500980999999999,0.1233377,0.4351974,0.2729479,0.39630959999999993,0.182925,-0.6566506999999999,0.3726003,-0.644021,0.04307902,0.07033081,0.16022329999999999,0.055540099999999995,0.1312448,1.029256,0.1702694,0.2981752,0.22138899999999997,0.2902378,0.19976770000000002,0.339198,0.29938909999999996,-0.2038547,0.1524127,-0.18383329999999998,0.2461458,0.8514802,0.16518770000000002,0.6763326999999999,0.2855382,0.6676393,0.24780619999999998,0.41956220000000005,0.08903596,0.1396027,0.191557,0.16369370000000003,0,0,0,0,0,0,0,0
0.3471518,-0.5631305,0.3279515,-0.5744365,0.1189857,0.43659319999999996,0.28503059999999997,0.394945,0.26482059999999996,-0.6151154000000001,0.2640052,-0.6532005999999999,0.01218056,0.08137963,0.21174429999999997,0.04665978,0.1285971,1.031731,0.16490020000000002,0.300534,0.2186567,0.2911257,0.1957914,0.34156,0.2877024,-0.22918979999999997,0.1028278,-0.1786283,0.24178960000000002,0.8528515,0.16083150000000002,0.6777039,0.2824612,0.668671,0.24350650000000001,0.4217817,0.06577343,0.1443606,0.2230871,0.15872160000000002,0,0,0,0,0,0,0,0
0.36087790000000003,-0.6420389,0.24778579999999997,-0.5993875,0.1148848,0.4369187,0.3025752,0.3990965,0.27146420000000004,-0.6345429,0.17189079999999998,-0.6639062,-0.02027054,0.1226767,0.2557955,0.03165370000000001,0.1243493,1.0319450000000001,0.15923510000000002,0.30101009999999995,0.2116873,0.2893705,0.19037590000000001,0.34414290000000003,0.28809109999999993,-0.2294235,0.07685013,-0.1783649,0.2376843,0.853152,0.1567262,0.6780044,0.2788473,0.6695751999999999,0.23816729999999997,0.4237236,0.03124236,0.18745050000000002,0.2545779,0.1262972,0,0,0,0,0,0,0,0
0.37890159999999995,-0.6364109,0.17780510000000002,-0.6212138,0.1114925,0.4354559,0.31930949999999997,0.38738590000000006,0.282285,-0.6654821999999999,0.0873529,-0.6576352,-0.07654482,0.1365573,0.2840105,0.02429988,0.1192846,1.0294780000000001,0.1489955,0.27876009999999996,0.21360010000000001,0.28120159999999994,0.18569960000000002,0.3155803,0.299772,-0.2311653,0.04607894,-0.19577550000000002,0.23430720000000002,0.8517771000000001,0.1533491,0.6766295,0.2768631,0.6699241,0.2331348,0.4016578,0.0007462699,0.2144677,0.2839248,0.11512349999999999,0,0,0,0,0,0,0,0
0.41410109999999994,-0.6246856,0.05039998,-0.6121201999999999,0.09291404,0.40135490000000007,0.3285845,0.38244190000000006,0.33356640000000004,-0.6765121000000001,0.0007443316000000001,-0.6645955,-0.09746122,0.16745739999999998,0.3223173,0.02093529,0.11788699999999999,1.02801,0.1524129,0.28401020000000005,0.21468589999999999,0.2823745,0.1876445,0.32134709999999994,0.31040650000000003,-0.22057739999999998,0.0399005,-0.1975855,0.23203089999999998,0.8496798000000001,0.1510727,0.6745321999999999,0.27491209999999994,0.6690829,0.23398779999999997,0.4042963,-0.033862,0.20263910000000002,0.3180275,0.1254275,0,0,0,0,0,0,0,0
0.46182740000000005,-0.6236670999999999,-0.03728305,-0.6156048000000001,0.09427468,0.4045626,0.340506,0.3748155,0.38001409999999997,-0.6734368000000001,-0.1296325,-0.6514444,-0.14282579999999997,0.15303329999999998,0.3448469,0.01500078,0.11616680000000001,1.024824,0.1718681,0.26146260000000004,0.2296096,0.27203879999999997,0.2032578,0.3008784,0.3340958,-0.21897070000000005,0.03759691,-0.20247179999999998,0.2317156,0.8474545,0.15075739999999999,0.672307,0.2737547,0.6673266999999999,0.2462782,0.3884586,-0.04687624,0.2118685,0.3442055,0.09824093,0,0,0,0,0,0,0,0
0.5017304,-0.6187493000000001,-0.09087222,-0.6030814,0.09236658,0.4010601,0.35261770000000003,0.3732788,0.4202724,-0.6763503000000001,-0.1751944,-0.6451687,-0.158611,0.16077660000000002,0.3711758,0.01485856,0.1159835,1.019045,0.1773151,0.26211439999999997,0.2434703,0.264776,0.2109232,0.2978171,0.4022279,-0.2253229,0.03891584,-0.1959007,0.23263649999999997,0.8423978999999999,0.1516784,0.6672503000000001,0.2727193,0.6621433000000001,0.2536303,0.3851613,-0.06255636,0.21959499999999998,0.35461940000000003,0.09773689999999999,0,0,0,0,0,0,0,0
