Nose,Nose,Neck,Neck,RShoulder,RShoulder,RElbow,RElbow,RWrist,RWrist,LShoulder,LShoulder,LElbow,LElbow,LWrist,LWrist,MidHip,MidHip,RHip,RHip,RKnee,RKnee,RAnkle,RAnkle,LHip,LHip,LKnee,LKnee,LAnkle,LAnkle,REye,REye,LEye,LEye,REar,REar,LEar,LEar,LBigToe,LBigToe,LSmallToe,LSmallToe,LHeel,LHeel,RBigToe,RBigToe,RSmallToe,RSmallToe,RHeel,RHeel
X,Y,X,Y,X,Y,X,Y,X,Y,X,Y,X,Y,X,Y,X,Y,X,Y,X,Y,X,Y,X,Y,X,Y,X,Y,X,Y,X,Y,X,Y,X,Y,X,Y,X,Y,X,Y,X,Y,X,Y,X,Y
0.0051741999999999995,0.31159000000000003,0.0,0.0,0.0,0.0,0.0,0.0,0.0,0.0,0.0,0.0,0.0,0.0,0.0,0.0,0.0,0.0,0.0,0.0,0.0,0.0,0.0,0.0,0.0,0.0,0.0,0.0,0.0,0.0,0.00519744,0.29523000000000005,0.0,0.0,0.00522615,0.292545,0.0,0.0,0.0,0.0,0.0,0.0,0.0,0.0,0.0,0.0,0.0,0.0,0.0,0.0
0.022524699999999998,0.316947,0.0,0.0,0.0,0.0,0.0,0.0,0.0,0.0,0.0,0.0,0.0,0.0,0.0,0.0,0.0,0.0,0.0,0.0,0.0,0.0,0.0,0.0,0.0,0.0,0.0,0.0,0.0,0.0,0.0188178,0.300681,0.027901199999999998,0.30341,0.0052010500000000005,0.297962,0.0,0.0,0.0,0.0,0.0,0.0,0.0,0.0,0.0,0.0,0.0,0.0,0.0,0.0
0.033373,0.314332,0.00521042,0.39061799999999997,0.00520474,0.385136,0.00518044,0.450573,0.0333186,0.44773799999999997,0.0051889200000000005,0.39058699999999996,0.00517246,0.49420699999999995,0.035247099999999996,0.556869,0.00520395,0.600372,0.0052137,0.605846,0.046055099999999995,0.703903,0.0551667,0.796538,0.00517846,0.597653,0.0478453,0.703859,0.0551438,0.796481,0.0225713,0.298066,0.0351862,0.298105,0.00518669,0.31149899999999997,0.0,0.0,0.08239049999999999,0.796474,0.08052569999999999,0.799264,0.07329089999999999,0.8591519999999999,0.07878969999999999,0.8101109999999999,0.07692009999999999,0.8182659999999999,0.044267999999999995,0.796511
0.0460403,0.317036,0.00519469,0.396046,0.0,0.0,0.0,0.0,0.0,0.0,0.0205926,0.401441,0.020711,0.505039,0.0532978,0.567654,0.00520263,0.605846,0.00521153,0.613947,0.0,0.0,0.0,0.0,0.015201899999999999,0.600474,0.053336299999999996,0.7065300000000001,0.07875889999999999,0.799287,0.0352417,0.306184,0.0478342,0.30067499999999997,0.0,0.0,0.0,0.0,0.11686,0.7965019999999999,0.11141799999999999,0.793817,0.0769021,0.821058,0.0,0.0,0.0,0.0,0.0,0.0
0.0533905,0.317187,0.00517923,0.401532,0.00518709,0.40418000000000004,0.00518722,0.5050300000000001,0.0,0.0,0.0206912,0.401455,0.026082499999999998,0.5050009999999999,0.0641607,0.5676500000000001,0.00518384,0.6085119999999999,0.00521408,0.6139819999999999,0.0,0.0,0.0,0.0,0.0225489,0.600487,0.0660246,0.706627,0.0823989,0.793752,0.049616299999999995,0.311539,0.0534075,0.308874,0.0224256,0.316944,0.0,0.0,0.11320000000000001,0.796492,0.11142099999999999,0.793843,0.07869749999999999,0.796558,0.0,0.0,0.0,0.0,0.0,0.0
0.0660954,0.319836,0.0224158,0.404202,0.0206112,0.404329,0.00519836,0.51044,0.0043016800000000004,0.613946,0.0315319,0.401555,0.035101,0.513193,0.0714983,0.570342,0.022524,0.6085079999999999,0.0152059,0.611277,0.08060429999999999,0.7202029999999999,0.134931,0.8591019999999999,0.0352298,0.600474,0.0805837,0.7120839999999999,0.12415000000000001,0.842907,0.0606014,0.314227,0.0,0.0,0.0369196,0.319795,0.0,0.0,0.16405599999999998,0.859146,0.16578299999999999,0.8537239999999999,0.12050899999999999,0.864595,0.17493,0.8592219999999999,0.165831,0.870035,0.127775,0.8728079999999999
0.08048519999999999,0.32254099999999997,0.036966599999999995,0.409711,0.0297252,0.417821,0.00517655,0.513114,0.0206072,0.616752,0.047899,0.406989,0.0496488,0.524118,0.0805787,0.5785159999999999,0.0424451,0.608556,0.0370176,0.616657,0.09687119999999999,0.7148359999999999,0.138586,0.8619749999999999,0.0514778,0.6030909999999999,0.0950408,0.714776,0.125906,0.8401639999999999,0.0696705,0.31424599999999997,0.0787843,0.31421699999999997,0.049607,0.319834,0.0,0.0,0.176746,0.8591219999999999,0.0,0.0,0.0,0.0,0.18398299999999998,0.864637,0.171293,0.880864,0.136744,0.880879
0.0932417,0.322468,0.0497069,0.412369,0.040621899999999996,0.417885,0.0224959,0.5132289999999999,0.03336,0.6139939999999999,0.060557099999999996,0.406981,0.062364899999999994,0.529505,0.08236339999999999,0.592167,0.062358899999999995,0.603179,0.0533651,0.608583,0.10962000000000001,0.709467,0.14223000000000002,0.861993,0.0660765,0.600444,0.109569,0.709309,0.136783,0.842799,0.0806548,0.31426299999999996,0.0,0.0,0.0569377,0.325186,0.0,0.0,0.0,0.0,0.0,0.0,0.0,0.0,0.187607,0.880815,0.17674299999999998,0.8837579999999999,0.138606,0.880941
0.104154,0.31710499999999997,0.0587786,0.401605,0.0569458,0.404344,0.0352416,0.513099,0.0478774,0.608499,0.0605818,0.398737,0.0,0.0,0.0,0.0,0.0661093,0.605795,0.0733152,0.608565,0.124177,0.709309,0.145867,0.8619739999999999,0.062397799999999996,0.603071,0.033300199999999995,0.714773,0.0051937400000000005,0.7584329999999999,0.0950418,0.311494,0.0,0.0,0.0714651,0.31699299999999997,0.0,0.0,0.00520955,0.777496,0.00519891,0.7775000000000001,0.00519774,0.7557119999999999,0.19309199999999999,0.8836759999999999,0.182136,0.8891009999999999,0.138602,0.880884
0.11681499999999999,0.317042,0.076876,0.401472,0.0679144,0.40429299999999996,0.051571599999999995,0.510514,0.0660177,0.605847,0.0805385,0.39603499999999997,0.09688429999999999,0.49410499999999996,0.135008,0.515896,0.0878323,0.603061,0.0823545,0.603154,0.138559,0.712021,0.147716,0.86194,0.0950304,0.6003109999999999,0.138599,0.7120219999999999,0.149465,0.8618239999999999,0.107848,0.306124,0.0,0.0,0.0841629,0.314366,0.0,0.0,0.18947799999999998,0.8810749999999999,0.187634,0.878176,0.136767,0.8808309999999999,0.191266,0.883635,0.180419,0.8864289999999999,0.138658,0.8808800000000001
0.125993,0.311644,0.0878211,0.39056199999999996,0.0824239,0.39880000000000004,0.06785569999999999,0.504979,0.0823737,0.6004229999999999,0.09321059999999999,0.38247000000000003,0.0,0.0,0.0,0.0,0.100522,0.597617,0.10414699999999999,0.597698,0.144068,0.709337,0.147696,0.8646119999999999,0.0986797,0.594957,0.0769484,0.7256349999999999,0.00518248,0.7938179999999999,0.12222899999999999,0.295386,0.127752,0.295211,0.0951022,0.308907,0.0,0.0,0.0,0.0,0.0,0.0,0.00521072,0.796577,0.193065,0.883693,0.182133,0.8890979999999999,0.138616,0.8808800000000001
0.14049799999999998,0.308869,0.100521,0.385251,0.09509469999999999,0.40137799999999996,0.0842211,0.496859,0.104172,0.597564,0.107767,0.379784,0.0,0.0,0.0,0.0,0.118638,0.581309,0.11504099999999999,0.581379,0.14953000000000002,0.709441,0.147719,0.864703,0.120458,0.578635,0.10415,0.714807,0.018829099999999998,0.7938500000000001,0.134996,0.29523000000000005,0.0,0.0,0.10951799999999999,0.308898,0.0,0.0,0.0,0.0,0.0,0.0,0.00518741,0.7965669999999999,0.19307000000000002,0.8836919999999999,0.18040599999999998,0.8891300000000001,0.13860899999999998,0.880972
0.15313000000000002,0.303406,0.116834,0.38515099999999997,0.10953399999999999,0.398731,0.100551,0.49415299999999995,0.12405799999999999,0.594912,0.124123,0.379747,0.0,0.0,0.0,0.0,0.133193,0.5840529999999999,0.125942,0.5867439999999999,0.14954199999999998,0.712129,0.149443,0.864661,0.138599,0.581356,0.133191,0.7229129999999999,0.0605768,0.7719800000000001,0.14765,0.292593,0.0,0.0,0.12404000000000001,0.30614399999999997,0.0,0.0,0.031562,0.799307,0.0369674,0.804717,0.0406329,0.772049,0.193055,0.883689,0.18037899999999998,0.8891439999999999,0.138643,0.880976
0.167655,0.297995,0.12418399999999999,0.382495,0.122205,0.39063899999999996,0.116868,0.496828,0.14041499999999998,0.592151,0.13676000000000002,0.379721,0.0,0.0,0.0,0.0,0.13866299999999998,0.575916,0.133189,0.578639,0.151233,0.725668,0.149503,0.86472,0.151284,0.575821,0.15497000000000002,0.722982,0.151332,0.8618169999999999,0.158605,0.29245099999999996,0.0,0.0,0.13680499999999998,0.300751,0.0,0.0,0.18401,0.880948,0.0,0.0,0.138713,0.8701329999999999,0.193066,0.883679,0.18040499999999998,0.889164,0.138676,0.881056
0.180445,0.29539000000000004,0.138601,0.379758,0.134994,0.385216,0.127735,0.491324,0.162192,0.5786819999999999,0.147691,0.374299,0.0,0.0,0.0,0.0,0.149493,0.570391,0.138578,0.575758,0.15317699999999998,0.7175400000000001,0.149505,0.8700819999999999,0.158597,0.5622849999999999,0.169456,0.709357,0.15134699999999998,0.853733,0.17127099999999998,0.289806,0.0,0.0,0.151247,0.29801099999999997,0.0,0.0,0.18223799999999998,0.8755149999999999,0.180299,0.859248,0.138654,0.867323,0.193078,0.8837029999999999,0.182139,0.891818,0.138655,0.8836400000000001
0.19480599999999998,0.297985,0.151231,0.377013,0.147664,0.382424,0.14041399999999998,0.491328,0.178508,0.5784889999999999,0.151368,0.368787,0.0,0.0,0.0,0.0,0.160373,0.567692,0.149466,0.573145,0.153194,0.7093969999999999,0.147722,0.8701139999999999,0.171279,0.5595829999999999,0.20760399999999998,0.706546,0.16947399999999999,0.752853,0.182223,0.289864,0.0,0.0,0.160414,0.303413,0.0,0.0,0.169448,0.8019700000000001,0.169493,0.7965939999999999,0.167656,0.750123,0.193097,0.883779,0.180416,0.894548,0.13860699999999998,0.8836419999999999
0.207581,0.29803,0.162178,0.37970299999999996,0.15495799999999998,0.38512799999999997,0.15320799999999998,0.49147,0.194937,0.573135,0.165882,0.374276,0.0,0.0,0.0,0.0,0.16952,0.567659,0.15859199999999998,0.573162,0.15675,0.714819,0.151341,0.864624,0.18398799999999998,0.559528,0.22569899999999998,0.7011189999999999,0.18578899999999998,0.7747689999999999,0.19666799999999998,0.289854,0.0,0.0,0.169482,0.300709,0.0,0.0,0.180317,0.812838,0.1822,0.8127829999999999,0.17491299999999999,0.774651,0.194906,0.8836400000000001,0.18215599999999998,0.889187,0.142242,0.880983
0.216655,0.30075799999999997,0.169517,0.382528,0.167647,0.390615,0.16763899999999998,0.494233,0.211231,0.573118,0.18029299999999998,0.379719,0.0,0.0,0.0,0.0,0.184055,0.578646,0.17127299999999998,0.5840489999999999,0.16220099999999998,0.7284579999999999,0.151256,0.8646739999999999,0.200336,0.575894,0.240194,0.7064889999999999,0.198589,0.850961,0.209397,0.29244000000000003,0.0,0.0,0.18221099999999998,0.300736,0.0,0.0,0.240306,0.881008,0.240227,0.872779,0.191217,0.8619709999999999,0.18404099999999998,0.8837,0.173099,0.889119,0.140473,0.880992
0.227625,0.306178,0.18213000000000001,0.38242899999999996,0.178567,0.385248,0.180395,0.49960299999999996,0.225704,0.56772,0.18942399999999998,0.379666,0.0,0.0,0.0,0.0,0.194935,0.581275,0.183966,0.5867209999999999,0.16583199999999998,0.722946,0.15132099999999998,0.870068,0.20760299999999998,0.578522,0.253039,0.703842,0.24212499999999998,0.859189,0.22214599999999998,0.292641,0.22760000000000002,0.292445,0.194955,0.303469,0.0,0.0,0.28563299999999997,0.880899,0.283794,0.867356,0.234781,0.878188,0.193099,0.883733,0.180424,0.889189,0.140484,0.883682
0.24026899999999998,0.31426000000000004,0.196633,0.387907,0.189461,0.398694,0.191208,0.50768,0.24032199999999998,0.573093,0.205759,0.382542,0.0,0.0,0.0,0.0,0.209452,0.5922229999999999,0.194914,0.597555,0.16954000000000002,0.725611,0.151308,0.8646739999999999,0.223962,0.586747,0.267413,0.70655,0.280154,0.8591169999999999,0.233029,0.297968,0.240253,0.295387,0.20934699999999998,0.31163199999999996,0.0,0.0,0.32195799999999997,0.872775,0.316499,0.861922,0.269312,0.878224,0.193094,0.883757,0.180396,0.889188,0.140491,0.8809549999999999
0.25474199999999997,0.314386,0.209401,0.39065000000000005,0.20036299999999999,0.398788,0.200309,0.51056,0.25482699999999997,0.575908,0.214864,0.385171,0.0,0.0,0.0,0.0,0.222132,0.597573,0.205806,0.597683,0.182132,0.728425,0.153065,0.864597,0.23840799999999998,0.594873,0.276568,0.7093889999999999,0.31107599999999996,0.8590979999999999,0.245714,0.30067699999999997,0.25474199999999997,0.297968,0.22031399999999998,0.314355,0.0,0.0,0.352807,0.861929,0.35093399999999997,0.859061,0.309172,0.880853,0.19308000000000003,0.8837729999999999,0.180372,0.8891749999999999,0.142282,0.8782700000000001
0.267468,0.317147,0.22031099999999998,0.398746,0.21127,0.40159799999999996,0.211245,0.513177,0.267548,0.581322,0.22577599999999998,0.390592,0.0,0.0,0.0,0.0,0.236648,0.6031329999999999,0.21850899999999998,0.608542,0.19309,0.728487,0.153146,0.8619789999999999,0.252972,0.6003959999999999,0.289236,0.7202609999999999,0.330984,0.859269,0.256618,0.308843,0.0,0.0,0.23482899999999998,0.314451,0.0,0.0,0.372727,0.861896,0.37088299999999996,0.8564879999999999,0.327364,0.881029,0.19308499999999998,0.883724,0.180355,0.8890969999999999,0.14404,0.8781589999999999
0.28021799999999997,0.322461,0.234842,0.40140899999999996,0.22574000000000002,0.404215,0.225661,0.513321,0.28018299999999996,0.589506,0.24032599999999998,0.396016,0.0,0.0,0.0,0.0,0.249329,0.597708,0.233016,0.600386,0.211146,0.725619,0.155016,0.8537079999999999,0.265636,0.597594,0.30200699999999997,0.7175469999999999,0.34191000000000005,0.864614,0.269333,0.314193,0.0,0.0,0.242117,0.322549,0.0,0.0,0.38544,0.867375,0.383623,0.8619249999999999,0.34002899999999997,0.8838229999999999,0.193026,0.883776,0.184003,0.883795,0.149469,0.864621
0.294649,0.319863,0.24754099999999998,0.401451,0.238503,0.40427199999999996,0.238476,0.515961,0.287468,0.597699,0.254826,0.396046,0.0,0.0,0.0,0.0,0.2657,0.59767,0.251092,0.600363,0.225718,0.728399,0.16036899999999998,0.848285,0.281987,0.594908,0.316457,0.709476,0.349122,0.870092,0.283781,0.311658,0.0,0.0,0.25485,0.319874,0.0,0.0,0.394545,0.8808769999999999,0.390891,0.872788,0.341836,0.8890939999999999,0.18583000000000002,0.883803,0.18041000000000001,0.8838039999999999,0.14949,0.8592449999999999
0.30380399999999996,0.31717599999999996,0.258449,0.401393,0.252956,0.404215,0.252924,0.513236,0.294649,0.600474,0.269281,0.396039,0.0,0.0,0.0,0.0,0.281984,0.589482,0.269314,0.594854,0.247522,0.728304,0.16774799999999998,0.8428,0.294695,0.584073,0.327471,0.7092769999999999,0.352747,0.8646929999999999,0.296575,0.308896,0.0,0.0,0.271106,0.317032,0.0,0.0,0.399964,0.880979,0.39810799999999996,0.875494,0.341872,0.883799,0.187665,0.8864179999999999,0.18398499999999998,0.8838079999999999,0.154976,0.8537669999999999
0.31468799999999997,0.317023,0.272902,0.390594,0.267401,0.398735,0.267405,0.513281,0.296575,0.605873,0.283807,0.38515000000000005,0.0,0.0,0.0,0.0,0.29834499999999997,0.59767,0.281997,0.603084,0.26936699999999997,0.73382,0.183969,0.837279,0.316482,0.594853,0.34012899999999996,0.712028,0.35278899999999996,0.867354,0.31100099999999997,0.303427,0.0,0.0,0.28387799999999996,0.314336,0.0,0.0,0.398213,0.883679,0.396329,0.878249,0.34190699999999996,0.8837919999999999,0.196757,0.8864700000000001,0.18404299999999998,0.8836879999999999,0.173102,0.834588
0.329189,0.314288,0.28744000000000003,0.38514099999999996,0.280206,0.39330899999999996,0.278393,0.507768,0.29830599999999996,0.597691,0.298354,0.382357,0.0,0.0,0.0,0.0,0.312788,0.584043,0.298269,0.592185,0.29830799999999996,0.73389,0.207621,0.829181,0.32734399999999997,0.578642,0.343707,0.70945,0.352811,0.864713,0.323773,0.29795699999999997,0.0,0.0,0.298259,0.311615,0.0,0.0,0.399976,0.883682,0.396349,0.8782669999999999,0.341914,0.8837579999999999,0.196646,0.8864719999999999,0.19485000000000002,0.880992,0.196654,0.823718
0.34372,0.308844,0.30016000000000004,0.382531,0.29642399999999997,0.390625,0.285692,0.50232,0.307373,0.5976600000000001,0.31108199999999997,0.379751,0.0,0.0,0.0,0.0,0.32562,0.5812649999999999,0.31648499999999996,0.58403,0.341987,0.725668,0.354584,0.8673379999999999,0.33821599999999996,0.578549,0.334617,0.7310979999999999,0.23296699999999998,0.8183079999999999,0.338269,0.292632,0.0,0.0,0.311091,0.30619399999999997,0.0,0.0,0.21489000000000003,0.883826,0.222131,0.883635,0.22028299999999998,0.815649,0.399991,0.883616,0.38908899999999996,0.8865219999999999,0.343727,0.883752
0.356461,0.30072099999999996,0.31287699999999996,0.382388,0.30921499999999996,0.387868,0.296601,0.496826,0.312815,0.597557,0.323746,0.379586,0.0,0.0,0.0,0.0,0.340096,0.578627,0.329254,0.58137,0.352811,0.72848,0.354577,0.8647039999999999,0.349146,0.575915,0.354537,0.728398,0.262026,0.8182929999999999,0.350972,0.29245499999999996,0.0,0.0,0.32557,0.30074799999999996,0.0,0.0,0.25296199999999996,0.880998,0.254734,0.8782800000000001,0.251141,0.818214,0.40000399999999997,0.8836219999999999,0.38911799999999996,0.886492,0.34371,0.883694
0.370855,0.300762,0.32736099999999996,0.379772,0.32192499999999996,0.38256,0.30744000000000005,0.491512,0.318314,0.592158,0.33827399999999996,0.377027,0.0,0.0,0.0,0.0,0.354506,0.589465,0.341923,0.594918,0.363688,0.7284879999999999,0.29653199999999996,0.8237369999999999,0.36008199999999996,0.581342,0.367315,0.7255969999999999,0.354634,0.8700800000000001,0.363658,0.292442,0.0,0.0,0.340094,0.300682,0.0,0.0,0.400007,0.8836529999999999,0.396368,0.880822,0.343734,0.883759,0.309228,0.880903,0.298351,0.8728079999999999,0.283832,0.821028
0.383669,0.29798,0.340074,0.38236000000000003,0.334603,0.387866,0.314745,0.491397,0.327325,0.592225,0.34734899999999996,0.376973,0.363668,0.49957599999999996,0.385415,0.559578,0.35648799999999997,0.597727,0.361863,0.600367,0.405408,0.709446,0.33644599999999997,0.834634,0.356377,0.597688,0.35636799999999996,0.7284379999999999,0.354605,0.861988,0.374565,0.289759,0.0,0.0,0.354564,0.298012,0.0,0.0,0.398192,0.883767,0.39449599999999996,0.880975,0.34549799999999997,0.881031,0.343705,0.878173,0.0,0.0,0.32548000000000005,0.8401200000000001
0.39812000000000003,0.29539899999999997,0.354631,0.379737,0.34734699999999996,0.382497,0.32736099999999996,0.48871000000000003,0.33824499999999996,0.597657,0.36544699999999997,0.37959499999999996,0.37273799999999996,0.494208,0.410885,0.556815,0.37096599999999996,0.6003229999999999,0.360079,0.603081,0.35641799999999996,0.7311249999999999,0.35639699999999996,0.861827,0.38365000000000005,0.597561,0.42714599999999997,0.706522,0.396308,0.7720079999999999,0.38725099999999996,0.289734,0.0,0.0,0.363693,0.2954,0.0,0.0,0.0,0.0,0.0,0.0,0.385459,0.771907,0.399968,0.88382,0.392717,0.889185,0.34555199999999997,0.881019
0.412597,0.297999,0.36902599999999997,0.379752,0.358295,0.385173,0.340015,0.491303,0.347335,0.600383,0.37276299999999996,0.376928,0.38364899999999996,0.49688499999999997,0.427189,0.548623,0.381835,0.594944,0.383573,0.597622,0.441638,0.703913,0.412651,0.8592339999999999,0.383613,0.592214,0.365464,0.7202189999999999,0.35634699999999997,0.8619009999999999,0.401771,0.28983000000000003,0.0,0.0,0.374586,0.29799000000000003,0.0,0.0,0.385459,0.8836579999999999,0.38183799999999996,0.8808809999999999,0.345541,0.8809359999999999,0.45441000000000004,0.883648,0.44167000000000006,0.8864839999999999,0.398211,0.878235
0.425319,0.300766,0.380025,0.382326,0.370994,0.387856,0.352715,0.491349,0.36008599999999996,0.6004900000000001,0.38548699999999997,0.37698899999999996,0.39996000000000004,0.49955299999999997,0.44353000000000004,0.540472,0.38912599999999997,0.600433,0.398179,0.6030789999999999,0.45441699999999996,0.706638,0.448968,0.8619739999999999,0.383627,0.600406,0.369137,0.7283339999999999,0.356392,0.864607,0.41450000000000004,0.292526,0.0,0.0,0.387268,0.300763,0.0,0.0,0.39993,0.8864139999999999,0.392725,0.8835989999999999,0.347313,0.881023,0.49256099999999997,0.8755400000000001,0.48522899999999997,0.8835839999999999,0.441671,0.881006
0.43626000000000004,0.311585,0.390883,0.3824,0.385449,0.390563,0.365504,0.491347,0.37279799999999996,0.597739,0.3982,0.37703000000000003,0.412684,0.49687899999999996,0.46708000000000005,0.551271,0.40003000000000005,0.5977169999999999,0.40907000000000004,0.600391,0.46528,0.7120719999999999,0.485243,0.861996,0.394517,0.597654,0.372727,0.7283609999999999,0.356436,0.8620249999999999,0.42894499999999997,0.295251,0.0,0.0,0.399926,0.308821,0.0,0.0,0.4,0.8863989999999999,0.39631299999999997,0.8836459999999999,0.347317,0.880965,0.530586,0.867354,0.517992,0.8808889999999999,0.476209,0.8835839999999999
0.447177,0.31435,0.40180699999999997,0.387839,0.39819899999999997,0.40137599999999996,0.380033,0.494085,0.38733599999999996,0.6112339999999999,0.412599,0.37976299999999996,0.427237,0.49957399999999996,0.459852,0.532318,0.418132,0.597667,0.410881,0.600353,0.383546,0.72296,0.35645699999999997,0.861942,0.42903399999999997,0.594916,0.47257000000000005,0.7175009999999999,0.5107039999999999,0.861858,0.44176699999999997,0.298026,0.0,0.0,0.414498,0.31164000000000003,0.0,0.0,0.557828,0.8619519999999999,0.5542619999999999,0.8591139999999999,0.5016149999999999,0.8837100000000001,0.39994599999999997,0.886411,0.390918,0.889184,0.345558,0.880894
0.45985099999999995,0.31695599999999996,0.418104,0.390654,0.412686,0.39881000000000005,0.39636899999999997,0.49961000000000005,0.403597,0.608505,0.42719599999999996,0.38523399999999997,0.436286,0.510419,0.48523299999999997,0.537763,0.430832,0.608583,0.414514,0.613972,0.38726000000000005,0.72567,0.358192,0.861977,0.44717399999999996,0.6057939999999999,0.485299,0.7256319999999999,0.528824,0.859189,0.45616799999999996,0.300744,0.0,0.0,0.42897199999999996,0.314208,0.0,0.0,0.572342,0.8618,0.568749,0.856386,0.525223,0.880972,0.39819899999999997,0.883809,0.385461,0.889195,0.34917499999999996,0.878239
0.47259799999999996,0.319756,0.430859,0.395993,0.42726000000000003,0.40146099999999996,0.41264,0.505023,0.423579,0.611244,0.441631,0.390567,0.445362,0.504981,0.48717499999999997,0.537669,0.44360499999999997,0.6058209999999999,0.432618,0.611263,0.399899,0.7256309999999999,0.35823499999999997,0.861912,0.458012,0.600445,0.498002,0.722938,0.539744,0.8619319999999999,0.46891099999999997,0.30888899999999997,0.0,0.0,0.44353000000000004,0.314446,0.0,0.0,0.586882,0.8646039999999999,0.583266,0.85918,0.532504,0.8836769999999999,0.40002299999999996,0.8863709999999999,0.38909499999999997,0.8892049999999999,0.34735299999999997,0.880841
0.487064,0.317171,0.443577,0.393349,0.44175699999999996,0.40148799999999996,0.428961,0.50765,0.44176699999999997,0.613958,0.452559,0.385223,0.45803699999999997,0.5103719999999999,0.49976699999999996,0.551291,0.45990499999999995,0.6057969999999999,0.447188,0.6112369999999999,0.41447799999999996,0.717544,0.36184000000000005,0.856441,0.472649,0.60043,0.512483,0.7256100000000001,0.545184,0.861935,0.48164799999999997,0.306187,0.0,0.0,0.45799199999999995,0.316938,0.0,0.0,0.592363,0.880832,0.588764,0.8673259999999999,0.5414789999999999,0.883571,0.400009,0.8864259999999999,0.387297,0.8891589999999999,0.35098599999999996,0.864694
0.5016200000000001,0.31704699999999997,0.45799000000000006,0.39329000000000003,0.456256,0.401481,0.445329,0.5104339999999999,0.459931,0.619495,0.45986299999999997,0.38251199999999996,0.467091,0.510433,0.501641,0.5540959999999999,0.474365,0.6085729999999999,0.459847,0.616636,0.427195,0.728354,0.36724,0.8563879999999999,0.48887699999999995,0.603142,0.5270079999999999,0.714793,0.548779,0.861942,0.497917,0.303434,0.0,0.0,0.47081199999999995,0.314306,0.0,0.0,0.594202,0.883639,0.590561,0.875541,0.543302,0.881041,0.399985,0.886378,0.387262,0.886521,0.35451699999999997,0.861997
0.516155,0.314276,0.470782,0.38524,0.470699,0.398723,0.465298,0.507759,0.481645,0.611289,0.472608,0.382357,0.488909,0.5131939999999999,0.514222,0.573054,0.487139,0.597587,0.492529,0.597658,0.536119,0.709425,0.552408,0.8619209999999999,0.48527499999999996,0.594959,0.447165,0.7256119999999999,0.374588,0.8400219999999999,0.5124569999999999,0.29794899999999996,0.0,0.0,0.487069,0.311623,0.0,0.0,0.401786,0.88912,0.39993399999999996,0.883702,0.360066,0.8428939999999999,0.6013729999999999,0.881002,0.588738,0.886404,0.543335,0.8808800000000001
0.530585,0.311568,0.485201,0.38254299999999997,0.48518799999999995,0.396096,0.483432,0.5049600000000001,0.503451,0.600488,0.48523499999999997,0.376996,0.0,0.0,0.0,0.0,0.50161,0.581348,0.510643,0.584055,0.5433319999999999,0.7066800000000001,0.5524009999999999,0.8619319999999999,0.49256099999999997,0.578634,0.472609,0.7175549999999999,0.38729,0.8291449999999999,0.5234139999999999,0.295222,0.0,0.0,0.49973199999999995,0.308892,0.0,0.0,0.399989,0.8864200000000001,0.398151,0.8836269999999999,0.374538,0.831959,0.601393,0.8809859999999999,0.588762,0.886362,0.543374,0.8808889999999999
0.5433629999999999,0.303406,0.49790199999999996,0.379811,0.497963,0.39063000000000003,0.497988,0.49422000000000005,0.527018,0.594959,0.49612000000000006,0.36885799999999996,0.0,0.0,0.0,0.0,0.510652,0.567688,0.5143409999999999,0.57308,0.545237,0.706688,0.554246,0.8619500000000001,0.501611,0.56227,0.499841,0.7175269999999999,0.4126,0.815665,0.534242,0.292525,0.0,0.0,0.507037,0.30618799999999996,0.0,0.0,0.41267000000000004,0.880891,0.412663,0.8727779999999999,0.39636899999999997,0.8156519999999999,0.601362,0.880979,0.5887129999999999,0.8838269999999999,0.545127,0.8808579999999999
0.556025,0.298014,0.505267,0.376999,0.510693,0.387893,0.512474,0.491498,0.543384,0.584001,0.503448,0.36069599999999996,0.0,0.0,0.0,0.0,0.5233519999999999,0.559501,0.525176,0.564982,0.543358,0.709425,0.439868,0.8073929999999999,0.5197400000000001,0.556759,0.5415139999999999,0.712036,0.43085399999999996,0.8101200000000001,0.545215,0.29237799999999997,0.0,0.0,0.519729,0.30066699999999996,0.0,0.0,0.434448,0.870104,0.43267000000000005,0.864599,0.416325,0.81015,0.43263,0.8619049999999999,0.43446,0.8563949999999999,0.425367,0.8127789999999999
0.565105,0.297979,0.5179079999999999,0.374197,0.523411,0.38518199999999997,0.526975,0.491346,0.5614800000000001,0.5757909999999999,0.51434,0.357929,0.0,0.0,0.0,0.0,0.5288809999999999,0.554028,0.530628,0.556767,0.55425,0.709421,0.556001,0.8645879999999999,0.5269900000000001,0.551298,0.548812,0.709351,0.467093,0.801966,0.559605,0.289734,0.0,0.0,0.534279,0.295296,0.0,0.0,0.470724,0.8428089999999999,0.46713099999999996,0.8401029999999999,0.450769,0.8074129999999999,0.601355,0.8810439999999999,0.5887049999999999,0.886427,0.545165,0.8809659999999999
0.576023,0.29531,0.530583,0.36339899999999997,0.534312,0.37960099999999997,0.539701,0.488651,0.579673,0.56227,0.523399,0.35788899999999996,0.0,0.0,0.0,0.0,0.541477,0.554013,0.543393,0.5567219999999999,0.5596519999999999,0.709372,0.5559769999999999,0.864656,0.5324409999999999,0.5486300000000001,0.572328,0.706668,0.49436399999999997,0.804712,0.5723119999999999,0.287018,0.0,0.0,0.543406,0.29523099999999997,0.0,0.0,0.499847,0.842793,0.497994,0.837425,0.48160699999999995,0.8128259999999999,0.601393,0.880995,0.5887279999999999,0.886404,0.545119,0.881046
0.5869719999999999,0.297932,0.543257,0.36342399999999997,0.545253,0.376951,0.555967,0.48855000000000004,0.6014200000000001,0.562183,0.5324519999999999,0.35801000000000005,0.0,0.0,0.0,0.0,0.557784,0.5540689999999999,0.550636,0.556801,0.557913,0.7121149999999999,0.554217,0.870031,0.5614859999999999,0.551341,0.6014459999999999,0.6984400000000001,0.541489,0.80469,0.581468,0.287059,0.0,0.0,0.5578759999999999,0.295236,0.0,0.0,0.572452,0.8128489999999999,0.0,0.0,0.517983,0.8156559999999999,0.597822,0.883628,0.586881,0.889192,0.543381,0.8836769999999999
0.601386,0.29525599999999996,0.552406,0.363435,0.559647,0.37157399999999996,0.568723,0.48594099999999996,0.619586,0.556676,0.543378,0.36063,0.0,0.0,0.0,0.0,0.5705509999999999,0.556815,0.563314,0.559549,0.559681,0.714819,0.554263,0.864599,0.574241,0.554113,0.619535,0.698398,0.561553,0.837387,0.592344,0.28168899999999997,0.0,0.0,0.570601,0.292615,0.0,0.0,0.595959,0.872787,0.590579,0.859061,0.0,0.0,0.59963,0.883637,0.5869300000000001,0.8891589999999999,0.545098,0.880945
0.6123419999999999,0.295286,0.561558,0.36339299999999997,0.5723509999999999,0.371581,0.581422,0.48854499999999995,0.635925,0.553993,0.557836,0.360568,0.550636,0.472358,0.0,0.0,0.579622,0.556842,0.5741539999999999,0.562202,0.56515,0.717546,0.556041,0.864622,0.586954,0.55671,0.634084,0.690241,0.5941879999999999,0.840092,0.6033069999999999,0.284365,0.0,0.0,0.581436,0.295153,0.0,0.0,0.632307,0.870092,0.630486,0.861889,0.586839,0.8536800000000001,0.599582,0.8837689999999999,0.585106,0.891824,0.545164,0.880948
0.621382,0.29794000000000004,0.5742659999999999,0.366128,0.5832809999999999,0.37959299999999996,0.5923919999999999,0.48869399999999996,0.6504369999999999,0.551303,0.57057,0.360599,0.570529,0.47778699999999996,0.0,0.0,0.5905619999999999,0.562251,0.586919,0.57037,0.572368,0.7202189999999999,0.557802,0.864633,0.601382,0.5595289999999999,0.646882,0.690232,0.6304989999999999,0.848267,0.617686,0.287097,0.0,0.0,0.5923700000000001,0.295226,0.0,0.0,0.674049,0.875467,0.6722079999999999,0.8619439999999999,0.617734,0.8645919999999999,0.5977859999999999,0.8835839999999999,0.586836,0.8890939999999999,0.5469379999999999,0.880977
0.6323529999999999,0.297944,0.588642,0.371566,0.595999,0.379641,0.60333,0.48869799999999997,0.663114,0.5486559999999999,0.5796129999999999,0.363369,0.570561,0.48324799999999996,0.58687,0.485952,0.6014579999999999,0.5622619999999999,0.601364,0.5703929999999999,0.574284,0.722943,0.5578179999999999,0.8645889999999999,0.6086739999999999,0.56223,0.6612600000000001,0.69569,0.6685909999999999,0.8537429999999999,0.628651,0.289729,0.0,0.0,0.603225,0.295336,0.0,0.0,0.7121379999999999,0.8645900000000001,0.708471,0.8591139999999999,0.6594869999999999,0.872794,0.597815,0.8836539999999999,0.5868479999999999,0.889122,0.545218,0.8809579999999999
0.646776,0.30075,0.601325,0.379646,0.6033379999999999,0.382434,0.6159519999999999,0.491365,0.675812,0.551303,0.5887979999999999,0.37154299999999996,0.579624,0.48598,0.588795,0.496834,0.615911,0.5785589999999999,0.6122839999999999,0.5813159999999999,0.586809,0.7175119999999999,0.557808,0.8619800000000001,0.624991,0.578554,0.673917,0.7039139999999999,0.703078,0.8510179999999999,0.641338,0.29243,0.0,0.0,0.6160100000000001,0.298068,0.0,0.0,0.746597,0.856444,0.744748,0.845555,0.6976089999999999,0.8673989999999999,0.597761,0.883659,0.58509,0.8891,0.545184,0.880859
0.6612669999999999,0.303431,0.612289,0.379737,0.617742,0.382409,0.630367,0.494131,0.6867500000000001,0.554161,0.6014619999999999,0.379584,0.592335,0.488708,0.6068359999999999,0.529507,0.630427,0.57864,0.623221,0.581361,0.5887600000000001,0.728308,0.5578489999999999,0.861794,0.639537,0.578629,0.6812800000000001,0.7093889999999999,0.728483,0.848258,0.654034,0.292539,0.0,0.0,0.62861,0.306146,0.0,0.0,0.7684000000000001,0.842915,0.764749,0.840012,0.7248319999999999,0.867396,0.594164,0.881068,0.581475,0.8838389999999999,0.545167,0.875473
0.67398,0.311519,0.6232249999999999,0.38242299999999996,0.6322439999999999,0.385262,0.639505,0.49690199999999995,0.6993889999999999,0.559483,0.61592,0.379648,0.603281,0.49133899999999997,0.0,0.0,0.6431859999999999,0.592178,0.634116,0.5949289999999999,0.601426,0.7256739999999999,0.55961,0.8592449999999999,0.6522479999999999,0.592167,0.692203,0.709401,0.741186,0.8510179999999999,0.6631589999999999,0.295223,0.0,0.0,0.635933,0.311568,0.0,0.0,0.782905,0.845533,0.777531,0.840075,0.737567,0.8727579999999999,0.597804,0.8836419999999999,0.5851149999999999,0.886416,0.5452429999999999,0.872775
0.684897,0.308927,0.635899,0.38246,0.6449619999999999,0.387907,0.6504489999999999,0.50499,0.704866,0.567676,0.6304379999999999,0.37962199999999996,0.6178359999999999,0.49150299999999997,0.0,0.0,0.659535,0.597606,0.6468229999999999,0.600336,0.612281,0.7284069999999999,0.5597289999999999,0.859266,0.673935,0.594876,0.706706,0.709293,0.746632,0.859119,0.675804,0.295244,0.0,0.0,0.6486529999999999,0.311544,0.0,0.0,0.788384,0.8591439999999999,0.7847339999999999,0.8536819999999999,0.7429979999999999,0.8808779999999999,0.59962,0.883686,0.5869219999999999,0.886455,0.54703,0.870104
0.6975819999999999,0.311593,0.646857,0.382558,0.659481,0.393296,0.6614,0.507668,0.7139700000000001,0.575917,0.639548,0.379754,0.6340749999999999,0.49133899999999997,0.0,0.0,0.6703629999999999,0.578634,0.668585,0.581303,0.6268009999999999,0.7283419999999999,0.5615319999999999,0.856437,0.672202,0.578564,0.7176429999999999,0.709438,0.7502800000000001,0.861865,0.6903,0.295288,0.0,0.0,0.666752,0.308872,0.0,0.0,0.795634,0.8620249999999999,0.792009,0.859173,0.746575,0.8835700000000001,0.5996319999999999,0.883799,0.588723,0.8864700000000001,0.5524049999999999,0.8645839999999999
0.706722,0.306131,0.661409,0.382416,0.6739729999999999,0.390561,0.675902,0.507765,0.7194809999999999,0.581384,0.6558649999999999,0.377011,0.0,0.0,0.0,0.0,0.688481,0.578606,0.677707,0.581315,0.645038,0.728424,0.568766,0.842893,0.6939989999999999,0.575931,0.728476,0.709243,0.752066,0.859263,0.702973,0.29264399999999996,0.0,0.0,0.675828,0.311504,0.0,0.0,0.802815,0.872744,0.7955939999999999,0.861931,0.7466149999999999,0.8809589999999999,0.5995849999999999,0.883714,0.586862,0.886361,0.556016,0.851009
0.719426,0.300718,0.6758419999999999,0.382339,0.6866829999999999,0.39056799999999997,0.688562,0.49691399999999997,0.732016,0.5922189999999999,0.668578,0.374235,0.0,0.0,0.0,0.0,0.697615,0.5731700000000001,0.6921379999999999,0.575893,0.6739959999999999,0.728304,0.585038,0.837471,0.7030609999999999,0.573087,0.733922,0.706568,0.7538849999999999,0.8618659999999999,0.7139719999999999,0.292512,0.0,0.0,0.68861,0.308812,0.0,0.0,0.8010579999999999,0.8755100000000001,0.7938489999999999,0.8620249999999999,0.7466189999999999,0.8809939999999999,0.601364,0.883786,0.588743,0.8836379999999999,0.572332,0.84006
0.73384,0.297962,0.6885819999999999,0.377007,0.695801,0.38243499999999997,0.701214,0.491432,0.7320800000000001,0.586735,0.679447,0.36607799999999996,0.0,0.0,0.0,0.0,0.704878,0.55686,0.706683,0.562278,0.733908,0.706672,0.755668,0.861823,0.701249,0.556729,0.737517,0.709271,0.7538929999999999,0.8592289999999999,0.7266279999999999,0.289792,0.0,0.0,0.7030959999999999,0.29798399999999997,0.0,0.0,0.804686,0.8728079999999999,0.8010729999999999,0.862011,0.746568,0.8809309999999999,0.80464,0.8754989999999999,0.7956329999999999,0.880913,0.748424,0.881083
0.7466109999999999,0.295251,0.702993,0.376913,0.706714,0.382411,0.708472,0.48877499999999996,0.7375109999999999,0.578607,0.692135,0.363353,0.0,0.0,0.0,0.0,0.719397,0.5594800000000001,0.7211949999999999,0.562272,0.733876,0.717519,0.6304649999999999,0.818425,0.7157549999999999,0.556785,0.739382,0.712043,0.755698,0.8592409999999999,0.737512,0.284327,0.0,0.0,0.7174809999999999,0.295294,0.0,0.0,0.802833,0.875452,0.79744,0.864626,0.746595,0.8808889999999999,0.615893,0.881042,0.614127,0.875514,0.6177100000000001,0.818356
0.759313,0.295164,0.713973,0.37688299999999997,0.7193769999999999,0.382335,0.7193539999999999,0.485987,0.744791,0.5757439999999999,0.7048989999999999,0.363336,0.0,0.0,0.0,0.0,0.7321200000000001,0.556775,0.732103,0.559542,0.7466229999999999,0.7282919999999999,0.6576719999999999,0.81564,0.7338859999999999,0.554049,0.748427,0.7202729999999999,0.757502,0.861892,0.7484879999999999,0.281652,0.0,0.0,0.724819,0.29534699999999997,0.0,0.0,0.8046559999999999,0.880868,0.797458,0.8700279999999999,0.746651,0.880891,0.648583,0.826533,0.644915,0.818375,0.6468600000000001,0.8156589999999999
0.766558,0.292634,0.7230369999999999,0.366154,0.732069,0.379672,0.7302989999999999,0.48597599999999996,0.7520709999999999,0.575916,0.717596,0.360578,0.0,0.0,0.0,0.0,0.74114,0.5567489999999999,0.7393419999999999,0.559484,0.7665919999999999,0.712036,0.688483,0.815429,0.7375619999999999,0.554001,0.759316,0.706656,0.7574649999999999,0.859274,0.761162,0.278901,0.0,0.0,0.739344,0.29259599999999997,0.0,0.0,0.804688,0.880859,0.80103,0.8700819999999999,0.746607,0.880902,0.673997,0.815538,0.673995,0.8128369999999999,0.677698,0.8156100000000001
0.7775559999999999,0.292404,0.733997,0.36883499999999997,0.746535,0.37971000000000005,0.7357389999999999,0.48593000000000003,0.764732,0.5784819999999999,0.726661,0.360681,0.0,0.0,0.0,0.0,0.752054,0.559557,0.762934,0.564943,0.804655,0.7094,0.723013,0.812778,0.742988,0.55681,0.755679,0.706653,0.76109,0.861977,0.773843,0.273602,0.0,0.0,0.7502439999999999,0.292414,0.0,0.0,0.8046500000000001,0.8809009999999999,0.7956219999999999,0.870108,0.750228,0.880946,0.7049259999999999,0.8183929999999999,0.7067439999999999,0.8182539999999999,0.7157129999999999,0.8155100000000001
0.791944,0.292564,0.746671,0.366152,0.7520779999999999,0.379577,0.746675,0.485967,0.773793,0.5786709999999999,0.737574,0.360714,0.0,0.0,0.0,0.0,0.773779,0.575854,0.761142,0.5785819999999999,0.7593179999999999,0.709422,0.753891,0.845549,0.7847000000000001,0.573131,0.8211219999999999,0.7039259999999999,0.750219,0.818288,0.786569,0.276209,0.0,0.0,0.7629929999999999,0.29244000000000003,0.0,0.0,0.799213,0.878164,0.7901859999999999,0.859138,0.7339629999999999,0.823765,0.7992509999999999,0.8782800000000001,0.7901400000000001,0.881052,0.748367,0.867312
0.804666,0.292522,0.761077,0.366094,0.7648149999999999,0.379641,0.759354,0.483255,0.779326,0.575928,0.750212,0.36056699999999997,0.0,0.0,0.0,0.0,0.775709,0.5649259999999999,0.784737,0.567641,0.839201,0.692987,0.7720159999999999,0.840209,0.763017,0.5568179999999999,0.762994,0.7092569999999999,0.762906,0.851027,0.79564,0.276188,0.0,0.0,0.775717,0.292465,0.0,0.0,0.819261,0.8810100000000001,0.819143,0.872802,0.748369,0.870031,0.806546,0.880984,0.8010900000000001,0.881041,0.755663,0.8646100000000001
0.817336,0.292572,0.770224,0.363421,0.775702,0.374287,0.7666179999999999,0.485857,0.79022,0.581363,0.7629389999999999,0.357994,0.7955869999999999,0.483203,0.8137479999999999,0.5485789999999999,0.791994,0.5757829999999999,0.777488,0.578585,0.771987,0.7092539999999999,0.761034,0.859192,0.806504,0.5704400000000001,0.850084,0.687588,0.8210679999999999,0.840236,0.8065939999999999,0.276231,0.0,0.0,0.788354,0.292388,0.0,0.0,0.859109,0.8755379999999999,0.8537279999999999,0.861964,0.8101069999999999,0.859103,0.7955909999999999,0.878231,0.782929,0.8810800000000001,0.748464,0.875482
0.822842,0.297939,0.779291,0.36345000000000005,0.7901349999999999,0.37701399999999996,0.77754,0.48586399999999996,0.802863,0.584035,0.772022,0.36054,0.0,0.0,0.0,0.0,0.802879,0.573085,0.793777,0.573126,0.775621,0.709291,0.761053,0.8592029999999999,0.817344,0.5730700000000001,0.862776,0.6876359999999999,0.8609469999999999,0.8401689999999999,0.819256,0.284385,0.0,0.0,0.799276,0.29248199999999996,0.0,0.0,0.895462,0.8701129999999999,0.899046,0.8592219999999999,0.846429,0.8618629999999999,0.804662,0.8810300000000001,0.7902119999999999,0.8837929999999999,0.748402,0.878164
0.8355739999999999,0.303402,0.791987,0.374295,0.8046639999999999,0.37978599999999996,0.791944,0.485923,0.811959,0.584079,0.7793019999999999,0.36605099999999996,0.0,0.0,0.0,0.0,0.806476,0.562248,0.819245,0.5676709999999999,0.8700239999999999,0.690236,0.8863559999999999,0.845514,0.791993,0.559469,0.7775639999999999,0.7039259999999999,0.759331,0.859105,0.8336659999999999,0.289763,0.0,0.0,0.808321,0.292629,0.0,0.0,0.80649,0.881053,0.802859,0.8782019999999999,0.746605,0.8781359999999999,0.904497,0.842816,0.906342,0.850997,0.880954,0.8618929999999999
0.846447,0.308844,0.804654,0.37957199999999996,0.817338,0.38237099999999996,0.804738,0.488722,0.82645,0.5948669999999999,0.790223,0.374256,0.0,0.0,0.0,0.0,0.819255,0.5704119999999999,0.8355389999999999,0.575797,0.879073,0.706661,0.908092,0.853703,0.8046559999999999,0.5676709999999999,0.788308,0.7066589999999999,0.761056,0.8591700000000001,0.839174,0.292548,0.0,0.0,0.821039,0.29800899999999997,0.0,0.0,0.8065249999999999,0.881038,0.802851,0.8782249999999999,0.746678,0.878184,0.9262889999999999,0.8536889999999999,0.924523,0.8591559999999999,0.906343,0.864632
0.86089,0.300736,0.817415,0.379768,0.830121,0.385159,0.819206,0.494098,0.8428009999999999,0.594955,0.804623,0.376943,0.0,0.0,0.0,0.0,0.830073,0.575869,0.846393,0.578633,0.8827100000000001,0.703853,0.8899769999999999,0.810152,0.8137679999999999,0.573108,0.791935,0.709364,0.761118,0.8591169999999999,0.851856,0.292469,0.0,0.0,0.835568,0.306158,0.0,0.0,0.806554,0.881072,0.8028919999999999,0.878258,0.748355,0.875536,0.908142,0.8373400000000001,0.909991,0.834637,0.884559,0.823751
0.8718509999999999,0.311616,0.826483,0.38240799999999997,0.840984,0.385166,0.833722,0.49151399999999995,0.8537009999999999,0.597684,0.8119179999999999,0.38235,0.8228979999999999,0.48594000000000004,0.0,0.0,0.8391489999999999,0.5704089999999999,0.8591139999999999,0.575777,0.893593,0.7011149999999999,0.9226479999999999,0.8210500000000001,0.821109,0.567678,0.804591,0.7066439999999999,0.762887,0.8590679999999999,0.8646649999999999,0.295222,0.0,0.0,0.8483069999999999,0.30882899999999996,0.0,0.0,0.806518,0.8810129999999999,0.802829,0.87821,0.748505,0.8727809999999999,0.0,0.0,0.0,0.0,0.924472,0.8428549999999999
0.886362,0.314365,0.837386,0.385171,0.8518669999999999,0.398688,0.848277,0.49415499999999996,0.8682559999999999,0.6003569999999999,0.8246300000000001,0.382403,0.8354849999999999,0.488656,0.0,0.0,0.8519089999999999,0.570364,0.871806,0.573129,0.9045300000000001,0.684727,0.915393,0.801982,0.8373569999999999,0.564991,0.813788,0.7065119999999999,0.762999,0.853675,0.8808800000000001,0.295398,0.0,0.0,0.862787,0.31154899999999996,0.0,0.0,0.808361,0.88363,0.804711,0.880852,0.750253,0.8646649999999999,0.908118,0.812848,0.9244700000000001,0.804704,0.906335,0.821054
0.8935919999999999,0.31978599999999996,0.85013,0.396001,0.866378,0.398814,0.862737,0.496907,0.879095,0.6004700000000001,0.8355319999999999,0.387915,0.0,0.0,0.0,0.0,0.866417,0.5758949999999999,0.886338,0.578625,0.920839,0.706623,0.938978,0.84011,0.850124,0.575795,0.8300649999999999,0.706498,0.766605,0.8428549999999999,0.891743,0.30346799999999996,0.0,0.0,0.873636,0.31702,0.8483109999999999,0.319751,0.806581,0.881018,0.8046249999999999,0.878246,0.7574700000000001,0.8592409999999999,0.962579,0.8482400000000001,0.957116,0.8537629999999999,0.9372039999999999,0.8591329999999999
0.906306,0.330662,0.864509,0.385248,0.879093,0.396042,0.877315,0.494112,0.8954259999999999,0.594895,0.84823,0.38251199999999996,0.0,0.0,0.0,0.0,0.8790549999999999,0.562264,0.893609,0.570372,0.917222,0.693028,0.906281,0.812812,0.864533,0.556863,0.8482259999999999,0.703869,0.7774059999999999,0.834652,0.9027139999999999,0.316957,0.0,0.0,0.880906,0.31712799999999997,0.0,0.0,0.80835,0.8836100000000001,0.804731,0.8808889999999999,0.7628849999999999,0.842862,0.9117600000000001,0.826483,0.92083,0.8292189999999999,0.897268,0.823792
0.9207719999999999,0.317005,0.877324,0.382395,0.8918600000000001,0.382522,0.8900009999999999,0.488734,0.9100159999999999,0.5867800000000001,0.86277,0.38234599999999996,0.0,0.0,0.0,0.0,0.893608,0.564936,0.9063300000000001,0.5676829999999999,0.937213,0.690313,0.9499029999999999,0.848316,0.879164,0.5595289999999999,0.864648,0.7065049999999999,0.7865409999999999,0.8237359999999999,0.915403,0.300745,0.0,0.0,0.90268,0.31163599999999997,0.0,0.0,0.80652,0.883613,0.804649,0.880888,0.772041,0.8319489999999999,0.964414,0.853749,0.964421,0.8592069999999999,0.9480649999999999,0.861931
0.0,0.0,0.0,0.0,0.0,0.0,0.0,0.0,0.0,0.0,0.0,0.0,0.0,0.0,0.0,0.0,0.0,0.0,0.0,0.0,0.0,0.0,0.0,0.0,0.90995,0.597635,0.8773329999999999,0.7202179999999999,0.80286,0.8155800000000001,0.0,0.0,0.0,0.0,0.0,0.0,0.0,0.0,0.810114,0.880911,0.80649,0.8782519999999999,0.790192,0.8183229999999999,0.0,0.0,0.0,0.0,0.0,0.0
0.9517909999999999,0.31154000000000004,0.915418,0.374196,0.933576,0.37423799999999996,0.928072,0.475101,0.962557,0.564946,0.895435,0.374256,0.89368,0.472364,0.9044949999999999,0.540443,0.931739,0.570361,0.9408249999999999,0.570431,0.949881,0.71203,0.949893,0.8510209999999999,0.920774,0.5676479999999999,0.9408200000000001,0.703893,0.851873,0.7937029999999999,0.949886,0.295193,0.0,0.0,0.9334969999999999,0.29806299999999997,0.0,0.0,0.833776,0.796518,0.833777,0.7992969999999999,0.8409700000000001,0.7965059999999999,0.966175,0.861907,0.962579,0.8646800000000001,0.948032,0.861892
0.964403,0.314223,0.924454,0.368822,0.9480379999999999,0.37157599999999996,0.946274,0.47506000000000004,0.978825,0.556778,0.9063100000000001,0.366093,0.906283,0.469618,0.909983,0.5295569999999999,0.937143,0.5513739999999999,0.949932,0.554045,0.9607439999999999,0.693028,0.9498900000000001,0.837316,0.9226759999999999,0.5513049999999999,0.949881,0.684893,0.951665,0.810117,0.9625659999999999,0.29538000000000003,0.0,0.0,0.9480679999999999,0.300742,0.9208909999999999,0.306173,0.9807279999999999,0.8156089999999999,0.9789509999999999,0.8073929999999999,0.0,0.0,0.9752559999999999,0.851,0.964429,0.859192,0.942641,0.8482919999999999
0.978896,0.308873,0.937263,0.36877000000000004,0.9607279999999999,0.371482,0.9625859999999999,0.47501099999999996,0.991555,0.554051,0.920797,0.36606099999999997,0.9081509999999999,0.477817,0.920835,0.532301,0.949923,0.551316,0.96435,0.5540539999999999,0.9625800000000001,0.692967,0.949796,0.8373400000000001,0.9371689999999999,0.548563,0.9553339999999999,0.687539,0.9063200000000001,0.796543,0.977031,0.29526399999999997,0.0,0.0,0.960745,0.29536,0.9335500000000001,0.298044,0.908125,0.837314,0.9063439999999999,0.834657,0.8936219999999999,0.801941,0.9643219999999999,0.856406,0.949854,0.859115,0.946243,0.8455300000000001
0.0,0.0,0.0,0.0,0.0,0.0,0.0,0.0,0.0,0.0,0.980691,0.36882499999999996,0.958931,0.46957699999999997,0.9752989999999999,0.534965,0.0,0.0,0.0,0.0,0.0,0.0,0.0,0.0,0.0,0.0,0.0,0.0,0.0,0.0,0.0,0.0,0.0,0.0,0.0,0.0,0.0,0.0,0.0,0.0,0.0,0.0,0.0,0.0,0.0,0.0,0.0,0.0,0.0,0.0
